0,DATE,D0,D1,D2,D3,D4,-9,W0,W1,W2,W3,W4
0,d_18950101,0,0,0,0,0,100,0,0,0,0,0
0,d_18950201,0,0,0,0,0,100,0,0,0,0,0
0,d_18950301,0,0,0,0,0,100,0,0,0,0,0
0,d_18950401,0,0,0,0,0,100,0,0,0,0,0
0,d_18950501,0,0,0,0,0,100,0,0,0,0,0
0,d_18950601,0,0,0,0,0,100,0,0,0,0,0
0,d_18950701,0,0,0,0,0,100,0,0,0,0,0
0,d_18950801,0,0,0,0,0,100,0,0,0,0,0
44.7,d_18950901,37.9,24.8,12.6,7.9,4.7,0,17.4,9.3,3,0.6,0.1
33,d_18951001,59.4,45.8,26.7,18.6,11.8,0,7.6,5.1,2.5,0.6,0
40.4,d_18951101,51.4,38.4,19.4,12.9,7,0,8.1,4.7,2,0.5,0
38.6,d_18951201,50,33.3,12.5,5.9,2,0,11.3,6.4,2.3,0.5,0
38.4,d_18960101,42.8,30.4,12.7,5.9,2,0,18.8,10,3.4,1.2,0
43.1,d_18960201,42.3,29.6,13.3,6,2,0,14.7,7.3,1.4,0.3,0.1
47,d_18960301,41.2,27.8,9.8,4.7,1.7,0,11.8,4.6,0.9,0.3,0.1
42.3,d_18960401,43.4,28.6,10.9,4,1,0,14.3,6.3,1.2,0.5,0.1
34.9,d_18960501,43.2,30.5,13,5.8,1.3,0,21.9,15.1,7,3.4,1.1
41.8,d_18960601,36.7,20.6,5.4,1.8,0.2,0,21.5,13.3,4.8,2.9,1.6
42.9,d_18960701,22.9,13.8,4.6,1.8,0.2,0,34.2,23.3,9,4.5,1.6
36.2,d_18960801,32.4,23.3,11.8,7.5,2.4,0,31.4,21.9,9.6,3.8,0.9
42.2,d_18960901,25.5,17.7,8.7,4.7,1.5,0,32.4,21.5,8.7,3.8,0.8
50.2,d_18961001,20.6,12.2,5.4,3.4,1.4,0,29.1,17.6,5,1.4,0.3
36.6,d_18961101,21.6,12.2,4.8,3,1.1,0,41.6,30.1,13.9,7,3.2
38.8,d_18961201,25.9,17.3,8.7,4.6,1.6,0,35.3,25,10.9,5.1,1.6
41.5,d_18970101,24.2,15.8,5.8,2,0.2,0,34.4,20.5,7.2,2.9,0.7
43.9,d_18970201,16.8,10.1,3.2,1.7,0.4,0,39.3,23.3,5.9,2.5,0.6
35.3,d_18970301,10.3,5.5,0.9,0.3,0.1,0,54.4,37.9,13.8,5.7,1.2
42.4,d_18970401,10.6,5.3,1.1,0.2,0,0,47,27.8,8.4,3.5,1.1
47.1,d_18970501,11.1,5.2,1.6,0.7,0.1,0,41.7,24.4,6.6,3.2,1.1
44.5,d_18970601,16.9,8.9,2.6,1.2,0.3,0,38.5,23.3,8.4,4.1,1.5
44.2,d_18970701,16.1,9.5,3.7,1.9,0.7,0,39.7,25,10.2,4.9,2.1
50.8,d_18970801,21.8,12.2,3.8,1.8,0.6,0,27.5,15.2,5,1.9,0.1
46.7,d_18970901,23.7,13.7,3.8,1.8,0.7,0,29.5,17.7,5.2,1.2,0.1
39.4,d_18971001,30.2,20.8,8,4,1.5,0,30.5,17.9,5.8,2,0.4
45,d_18971101,34.4,23.8,8.7,4.2,1.3,0,20.7,12,4.3,2,1.1
35.9,d_18971201,45.7,34.4,15.7,8.7,3.2,0,18.5,11.9,4.1,2.1,1.1
39.4,d_18980101,42,31.4,14.1,7.8,3.1,0,18.8,12.1,4.8,2.8,1.2
40.4,d_18980201,40.2,26.5,11.6,6.9,2.9,0,19.3,12,4.8,3.1,1.5
41,d_18980301,39.1,27.5,11.6,6.4,2.7,0,20,12.1,4.2,1.9,0.6
39.5,d_18980401,45.2,31.4,16.7,9.9,3.6,0,15.3,7.7,1.9,0.8,0.4
35.5,d_18980501,37.4,27.6,13.2,8,3.8,0,27.1,17.2,6.4,3.8,1.5
38.1,d_18980601,28.7,20.1,9.7,6.5,3.2,0,33.2,21.3,9.6,4.8,1.8
39.2,d_18980701,28.4,19.3,9.2,6,2.1,0,32.4,22.9,10.6,5.9,1.9
42.6,d_18980801,25.9,15.7,5.1,2.7,0.8,0,31.5,21.2,9.5,4.8,1.4
40.3,d_18980901,32.6,21.8,8.6,4.3,1.7,0,27.2,18.4,7.2,3.9,1.4
40.1,d_18981001,32.9,20.7,8.6,4.8,1.6,0,27.1,15.9,6.1,3.3,1.2
39.2,d_18981101,29.3,18.6,6.2,2.6,0.8,0,31.4,20.2,7.5,3.7,1.3
42.9,d_18981201,30.7,19.3,5.9,2.8,1.1,0,26.5,16.8,4.5,1.8,0.8
46.3,d_18990101,22,11.8,4.1,2.3,0.9,0,31.8,21.2,7.4,3.2,0.9
38.2,d_18990201,32,21.3,8.6,5,2.3,0,29.8,19.4,9.5,6.3,3.2
38.8,d_18990301,31.2,20.7,7.9,3.7,1.5,0,30,21.9,12.9,8.5,4.6
38.6,d_18990401,36.6,25.3,12.5,6.7,2.1,0,24.8,18.7,9.5,5.3,2.3
38.9,d_18990501,36.2,25.7,12.9,6.6,2.8,0,25,15.1,5.1,2.2,0.5
39.3,d_18990601,32.5,18.9,6,2.2,0.5,0,28.3,18.5,6.6,1.9,0.4
50.4,d_18990701,26,15.3,4,1.9,0.5,0,23.5,13.6,4.2,1.5,0.3
47.9,d_18990801,30.8,19.1,6.3,2,0.7,0,21.4,12.9,4.4,1.9,0.6
41.5,d_18990901,37.7,24.6,9.7,4.7,1.6,0,20.7,11.9,3.8,1.7,0.4
40.8,d_18991001,36.1,23.9,11.8,6.5,2.1,0,23,13.3,4,1.9,0.6
39.9,d_18991101,40.7,27.8,13.6,7.2,2.2,0,19.4,11.6,4.5,2.4,0.6
35.9,d_18991201,46.3,34.7,16.8,7.9,2.3,0,18,10.1,2.6,1,0.2
38.8,d_19000101,43.3,32.3,14.1,6.5,1.6,0,17.9,8.5,2.2,0.9,0.1
43.2,d_19000201,39.8,25.6,9.4,4.1,1.2,0,17,8.9,2.1,0.6,0.1
42.1,d_19000301,43,30.1,11.9,5.4,1.8,0,14.9,7.8,1.3,0.4,0
41.3,d_19000401,35.6,25.5,9,2.8,0.4,0,23.1,13.8,4,1.7,0.5
33.2,d_19000501,44.2,31.6,11.1,4.2,0.9,0,22.6,15.4,6.3,2.3,0.6
33.8,d_19000601,38,24.8,10,6,3,0,28.3,19.5,7.9,2.7,0.7
38.8,d_19000701,36.2,25,12.2,7.7,3.6,0,25.1,19.5,11.4,5.4,1.3
39.4,d_19000801,34.9,21.7,9.1,5.2,2.2,0,25.5,18.8,10.2,5.8,1.8
40.9,d_19000901,31.2,18.5,7.1,3.5,1.1,0,28,21.2,11.6,6.5,1.6
40.2,d_19001001,23.7,15.2,5.6,2.6,0.5,0,36.2,26.5,14.4,8.4,2.5
43.7,d_19001101,20.1,11.3,3.1,1.2,0.1,0,36,25.6,12.4,6.1,1.6
44.1,d_19001201,23.3,14,4.2,1.6,0.2,0,32.5,22.4,10.4,4.9,1.1
40.2,d_19010101,33.4,24.8,13.7,9.4,5.3,0,26.2,16.5,6,2.9,0.5
39.1,d_19010201,28,19.9,9,5.2,3,0,32.9,20.6,7.7,3.6,1.3
39.6,d_19010301,29,18.9,7.7,4.1,1.9,0,31.4,21.3,10.5,6.6,3.5
44.3,d_19010401,27.4,15.8,4.3,1.8,0.8,0,28.4,17,7.6,4.4,2.3
41.5,d_19010501,27.9,18,5,1.6,0.4,0,30.4,16.5,3.4,1,0.1
38.8,d_19010601,36.9,26.7,10.2,4.3,0.8,0,24.5,14,4.6,1.7,0.3
35.2,d_19010701,44.9,34.7,18.5,10.5,2.9,0,19.8,11.1,2.7,1,0.2
36.4,d_19010801,43.8,34.3,20.4,13.8,7.2,0,19.8,12.8,5.6,3.1,1.3
38.8,d_19010901,35.9,27.5,15.1,10.6,5.7,0,25.3,16.3,5.6,3.1,1.6
40.2,d_19011001,37.1,27.6,14.6,9.8,5.1,0,22.7,12.8,3.9,2.3,1.1
34.7,d_19011101,47.9,37.2,21.6,14.6,7.6,0,17.4,10.5,4,2.6,1.5
35.1,d_19011201,44.8,35.4,20.8,14.2,8,0,20,13.1,6.4,4.2,2.5
30.9,d_19020101,53.3,39.7,22.6,14.5,6.9,0,15.9,9.8,4.3,2.4,1
31.6,d_19020201,47.8,36.9,22.6,15.9,8,0,20.6,14.8,6.5,3.4,1
32.6,d_19020301,42.5,33,19.2,11.9,4,0,24.7,16.3,6.5,2.6,0.5
31.4,d_19020401,44.7,35.5,21.3,13.4,5,0,23.9,15.8,5.6,2.2,0.6
37.3,d_19020501,42.1,30.3,15.7,8.7,3.2,0,20.6,12.3,3.3,1.2,0.3
39.5,d_19020601,42.9,30.5,13.7,6.3,1.7,0,17.5,9.3,2.7,1.3,0.3
36.3,d_19020701,37.8,26.8,13.6,8.1,3.9,0,26,16.3,6.1,2.9,0.9
34.7,d_19020801,36.1,25,12.3,7.1,3,0,29.2,18.9,8.5,4.9,1.8
38.6,d_19020901,35.2,24.9,12.1,6.4,2,0,26.1,16.7,6.3,3.2,1.1
35.8,d_19021001,33.4,24.2,13.4,8.4,3.5,0,30.7,20.7,8.2,4.2,1.6
38,d_19021101,31.4,21.6,8.6,4,1,0,30.5,19.4,7.3,3.7,1.5
38.9,d_19021201,29.7,19.7,8.4,4.4,1.6,0,31.2,20.8,7.8,4,2
37.5,d_19030101,26.2,16.4,5.7,2.6,0.6,0,36.5,24,9.8,5.6,2.9
36.9,d_19030201,22.5,13.4,4,2,0.6,0,40.6,29,13.8,8,4
36.5,d_19030301,16.7,9.4,3.4,2.1,1,0,47,32.4,14.5,7.4,2.1
44.4,d_19030401,15.9,8.9,3,1.4,0.7,0,39.7,25.1,7,2.5,0.4
43.2,d_19030501,13.7,6.8,1.9,0.9,0.2,0,43.3,30.6,11.3,4.6,1.6
47.5,d_19030601,12,6.4,1.9,0.7,0.1,0,40.6,25.5,8.4,3.6,0.6
45.7,d_19030701,8.7,3.5,1.1,0.5,0.1,0,45.7,29,9.8,4.8,1.5
46.5,d_19030801,11.7,5.3,0.8,0.2,0,0,41.9,29.3,12.5,7.1,2.6
48.7,d_19030901,17.2,7.5,1,0.2,0,0,33.9,22.4,7.7,3.5,0.9
40.2,d_19031001,27.2,15.6,4,1.3,0.2,0,32.5,21.4,7.6,3.9,1.1
38.4,d_19031101,35.1,22.9,8.9,3.5,0.8,0,26.5,16.5,5.3,2.4,0.7
34.9,d_19031201,47.2,35.8,18.1,10.3,4,0,17.9,10.6,4.3,1.9,0.4
33.8,d_19040101,47.2,37.3,21.2,13.6,5.5,0,19.2,11.3,4.3,1.9,0.4
31.7,d_19040201,44.5,35.9,21,13.8,5.8,0,23.8,14.4,4.6,1.6,0.4
19.7,d_19040301,45.5,38,26.2,19.9,11.2,0,34.9,27.5,15.6,9.8,3.8
20.2,d_19040401,49.1,42.8,29.6,20.7,11.5,0,30.8,24.2,12.7,7.5,3.3
25.4,d_19040501,52.4,44.3,27.9,17.6,8.3,0,22.3,15.6,7.4,4.1,1.6
30.4,d_19040601,48.1,35.8,18.9,14.4,9.4,0,21.5,15,6.6,3.5,1.2
31.2,d_19040701,45.3,33.3,16.7,11,4.7,0,23.5,17.2,8.6,4.9,2
40.5,d_19040801,34.4,22.7,8.9,4.2,1.2,0,24.9,16.4,6.1,2.6,0.7
38.4,d_19040901,29.4,19.2,7.7,3.5,1,0,32.3,21.2,9.4,5.1,1.9
38.7,d_19041001,28.5,20.5,9.8,5.8,1.7,0,32.8,21.7,10.6,7.1,4.4
39.5,d_19041101,38.5,26.8,12.9,7.7,3.6,0,21.9,11.9,3.4,1.3,0.2
37.1,d_19041201,46.8,33.9,17.8,10.7,4.5,0,16,8.2,1.5,0.4,0.1
38,d_19050101,43.3,31.5,15.4,9,3.9,0,18.7,10.8,2.3,0.6,0.1
39.3,d_19050201,38.1,27.7,15,9.4,4.8,0,22.7,15.1,6.4,2.7,0.4
34.6,d_19050301,40.3,29.3,15.2,9.1,3.6,0,25.1,17.7,8.5,5.1,1.8
29.2,d_19050401,43.6,34.5,18.8,11.9,5,0,27.1,21.3,13.6,10.4,5.5
30.5,d_19050501,34.8,26.3,13,7,1.4,0,34.7,25.3,14.2,10.6,4.4
36.1,d_19050601,27,17.4,7.8,4.4,1.6,0,36.9,27.3,13.5,8.3,3.8
37.9,d_19050701,19.4,10.7,4.1,1.9,0.7,0,42.7,33.3,18.6,12.4,6.5
36.3,d_19050801,11.5,6.1,1.7,0.8,0.4,0,52.3,39.2,21.7,14.2,7.1
36,d_19050901,11.1,5.8,1.6,0.8,0.3,0,52.7,40.2,22.5,15,7.5
34.4,d_19051001,10.6,6.2,1.8,1,0.5,0,55,39.8,19.7,12,5.2
32.7,d_19051101,12.6,7.2,1.7,0.9,0.4,0,54.7,41,19.2,11.2,4.6
35.4,d_19051201,16.2,9.2,3.8,1.7,0.5,0,48.3,33.3,13.8,7.5,2.6
44,d_19060101,12,5,1.2,0.7,0.3,0,44.1,29.8,13.4,7.4,2.7
48.9,d_19060201,16.3,7.7,2.3,1,0.4,0,34.8,22.5,7.9,3.5,0.9
44.9,d_19060301,13.4,6.2,2,0.8,0.2,0,41.7,23.8,7.6,4.1,1.3
50.5,d_19060401,18.2,10.5,3.2,1.5,0.6,0,31.3,19.1,5.3,2.3,0.7
44.2,d_19060501,15.8,7.5,1.5,0.3,0.1,0,39.8,26.9,9.8,3.7,1.1
45.1,d_19060601,16.6,8.9,1.7,0.6,0.2,0,38.3,23.6,7.4,3.3,1.5
36.9,d_19060701,18.5,10.6,2.5,0.9,0.2,0,44.7,32.7,14.5,7.1,1.6
36.5,d_19060801,15.1,8.1,1.8,0.7,0.2,0,48.5,35.8,17.4,9.3,2.6
37.4,d_19060901,10.9,5.5,1.7,0.7,0.2,0,51.7,37.7,18.6,10.2,3.7
39,d_19061001,11.4,5.5,1.3,0.5,0.1,0,49.6,34.9,14.4,6.9,1.9
35.6,d_19061101,8.8,4.5,1.2,0.4,0.1,0,55.6,40.6,19.2,10.7,4.1
35.4,d_19061201,8.6,4.4,1.3,0.6,0.1,0,56,40.5,17.7,8.4,3
30.1,d_19070101,6.1,3.6,1.2,0.7,0.2,0,63.8,47.2,22,11.7,4.2
32.5,d_19070201,8.2,4,1.2,0.5,0.1,0,59.2,42.2,17.4,9,3.5
29.3,d_19070301,11,7,3.4,1.8,0.4,0,59.7,45.9,21.4,11.5,3.7
32.7,d_19070401,13.3,8.3,3.8,2.5,1.2,0,53.9,41.2,18.3,9.2,2.7
35.5,d_19070501,16.5,10.3,3.4,2.2,0.8,0,48.1,33.8,13.8,6.3,1.2
34.8,d_19070601,19,11.3,3.3,0.9,0.1,0,46.3,34,15,7.8,2.5
31,d_19070701,19.6,11.9,3.6,1.3,0.3,0,49.6,39.7,20.7,10.9,3.9
33.4,d_19070801,21.6,13.4,4.7,2.2,0.8,0,45.2,37,20.8,12.1,4.4
41.8,d_19070901,20.1,10.5,2.3,1,0.4,0,38.2,26.6,12.3,7.1,2.8
47.9,d_19071001,21.9,11.3,2.5,1,0.2,0,30.1,17.6,7.5,4.2,2.2
46.6,d_19071101,19.8,10.6,2.4,1,0.2,0,33.4,18.1,6.1,2.8,1
46,d_19071201,19.8,9.6,2.6,1.2,0.4,0,34.1,19.9,6.2,2.7,0.6
50.2,d_19080101,17,9.1,2.8,1.4,0.4,0,32.8,17.1,4.6,1.6,0.1
47.2,d_19080201,16.6,8.6,2.1,1,0.5,0,36.3,21.6,5.7,2.3,0.3
50.6,d_19080301,20.7,10.5,3.3,1.5,0.6,0,28.8,15.6,3.7,1.3,0.2
42.1,d_19080401,27.6,18.7,7.4,4,1.5,0,30.4,17.1,4.3,2.1,0.6
41.5,d_19080501,17.4,11.1,3.5,1.5,0.3,0,41.2,28.3,11.8,5.6,1.4
40.8,d_19080601,15.8,9.7,2.6,0.9,0.4,0,43.4,28.3,9.7,4.3,1.5
41.8,d_19080701,13.4,7.4,1.4,0.4,0.1,0,44.7,29.7,12,5.2,1.9
43.6,d_19080801,10.1,4.9,0.7,0.3,0.1,0,46.3,30.6,12.4,6.5,2.6
43,d_19080901,18.5,11.3,2.8,1,0.3,0,38.6,25.1,8.5,4.3,1.6
42.7,d_19081001,15.5,8.1,1.4,0.4,0.1,0,42,26.8,11.2,6.7,2.9
40.6,d_19081101,26.7,17.3,6.1,3.2,0.9,0,32.6,20.1,8.6,4.7,1.9
34.9,d_19081201,30.5,20.5,7,3.6,1.1,0,34.4,23.6,9.2,4.8,1.6
30.4,d_19090101,29.7,20.6,10.4,5.3,1.9,0,40,31.4,15.6,9.7,4.5
30.6,d_19090201,32.5,21.8,10,4.8,1.2,0,36.7,27.5,11.9,6.1,2.3
37.8,d_19090301,32.4,20.9,7.8,2.7,0.5,0,29.7,20.2,7.6,3.8,1.3
38.9,d_19090401,37,23.8,8.5,2.9,0.6,0,24.1,15.3,4.8,2.2,0.7
42.6,d_19090501,34.7,23.3,10.4,6,2.3,0,22.6,12.6,3.2,1.3,0.4
41.9,d_19090601,27.4,19.6,9.2,5.2,1.8,0,30.8,18,5.6,2.1,0.4
41.9,d_19090701,25.4,16.1,5.5,2.5,0.8,0,32.7,18.3,4.5,1.6,0.1
37.6,d_19090801,24.6,16.8,6,3,1.2,0,37.9,25.1,9.5,4.3,1.1
36.5,d_19090901,21.2,14.8,5.6,3,1.1,0,42.1,29.4,11,5.2,1.4
44.1,d_19091001,27.6,17.4,5.4,2.4,0.5,0,28.3,17.2,5.6,2.1,0.5
46.6,d_19091101,24.1,15.6,5.4,2,0.2,0,29.3,16.3,4.4,1.7,0.3
42.2,d_19091201,20.8,13.6,4.1,1.1,0.1,0,37,21.8,6.7,2.9,0.5
36.6,d_19100101,22.7,14.5,4.5,1.1,0,0,40.8,26.8,10.4,4.4,0.7
36.8,d_19100201,23.6,14.2,4,1.1,0,0,39.5,27.5,10.3,4.7,1.2
33.4,d_19100301,36.7,29,13.4,7.5,2.5,0,29.9,20,7.2,3.4,1.2
37.1,d_19100401,42,30.7,14,7.7,2.5,0,20.9,11.7,3.4,1.3,0.2
42.9,d_19100501,43.9,29,13,5.9,1.2,0,13.3,7,1.5,0.6,0
43.3,d_19100601,51.9,33.8,11.2,4.2,0.7,0,4.7,1.7,0.1,0,0
44.2,d_19100701,47.7,29.8,10.8,5.5,1.6,0,8,3.3,0.2,0,0
33.2,d_19100801,62.3,44.7,19.9,11.4,5.5,0,4.5,1.7,0.3,0.2,0.1
26.9,d_19100901,68.9,52.3,26.4,15.9,6.8,0,4.2,1.9,0.4,0.2,0.1
25.6,d_19101001,68.2,55.1,32.4,21.2,9.9,0,6.3,2.9,0.5,0.2,0.1
27.9,d_19101101,66.2,54.4,33.2,21.9,11.1,0,6.1,2.1,0.3,0.2,0.1
34.2,d_19101201,58,47.5,29.7,19.1,8.9,0,7.8,3.3,0.5,0.2,0.1
35.8,d_19110101,51,40.8,27,17.8,8.2,0,13.4,6.8,2,0.7,0.1
34.6,d_19110201,49.9,36.5,17.9,10.6,4.5,0,15.5,8.3,2.7,1.2,0.1
29.7,d_19110301,54.2,39.9,20.7,11.7,3.5,0,16.2,9.7,3.9,1.8,0.2
37.7,d_19110401,46.4,33.6,15.1,7.7,1.6,0,15.9,9.2,3.5,1.4,0.2
33.8,d_19110501,49.9,38.5,20,11.3,5,0,16.5,9.6,3.8,1.5,0.2
28.3,d_19110601,54.2,43.4,26.2,17.3,8.4,0,17.4,10.2,3.1,1,0.2
25.2,d_19110701,54,42.7,24.6,15.1,6.2,0,21,15.7,7.4,3.8,0.8
37,d_19110801,43.8,32,15.4,8.2,3.1,0,19.3,11.8,4.8,2.2,0.2
37.6,d_19110901,36.4,25.4,10.8,5.6,2.1,0,25.9,17.5,7.7,4.3,1.2
41.9,d_19111001,34.2,21.8,8,3.5,1.1,0,23.9,15.3,6.9,4.4,2.1
42.7,d_19111101,35.6,23.2,7.5,3.4,0.8,0,21.7,12.3,4.9,1.9,0.5
39.9,d_19111201,29,18.2,6.6,3,1.3,0,31.4,20.1,7.5,3,0.5
43.5,d_19120101,30.9,21.1,8.5,4.2,1.4,0,25.7,15.7,5.4,2.5,0.5
44.8,d_19120201,23.5,14.7,7,5.4,3.9,0,31.7,19.4,7.2,2.7,0.3
37.3,d_19120301,14,8.9,4.3,3,1.4,0,48.6,34.6,14.5,6.6,1.7
33.1,d_19120401,14.8,7.7,2.9,1.7,0.8,0,52.1,40.3,22.1,13.1,4.5
37.1,d_19120501,13.5,7.6,2.5,1.1,0.5,0,49.2,35.3,16.5,8.3,3.2
43.5,d_19120601,18.1,10.8,3.4,1.4,0.2,0,38.6,27.3,12.3,6.4,2.1
43.6,d_19120701,18.2,9.3,2,0.5,0,0,38.2,26.8,11.2,5.4,1.4
42.7,d_19120801,12.9,7.4,1.4,0.2,0,0,44.5,30.8,14.6,7.3,1.8
40.9,d_19120901,16.5,8.8,2.5,0.9,0.2,0,42.6,30.1,13.4,6.6,1.8
39.8,d_19121001,11.9,5.7,1.5,0.4,0,0,48.2,35.9,15.2,6.4,1.2
39.6,d_19121101,14.4,7.6,2.1,0.7,0,0,46,33.3,12.9,5.4,1
43.9,d_19121201,24,13.1,2.9,0.8,0.1,0,32,20.8,6.3,2.4,0.5
42.2,d_19130101,27.5,16.8,4.5,1.6,0.4,0,30.3,18.3,4.9,1.7,0.5
48.7,d_19130201,24.5,13.3,3.7,1.7,0.5,0,26.7,14.7,4.1,1.9,0.4
37.8,d_19130301,25.8,13.1,3.3,1.4,0.2,0,36.2,25.5,11.3,5.5,2.2
44.6,d_19130401,28,14.8,3.5,1.5,0.3,0,27.4,16.6,5.4,2.5,0.7
46.4,d_19130501,35.2,21.2,5.3,2.4,0.5,0,18.6,9.6,2.3,0.8,0.2
51.9,d_19130601,33,19.3,5.8,2.3,0.4,0,15,6.6,1.6,0.6,0.1
48.9,d_19130701,36,21.9,8.1,3.5,0.9,0,15.1,7.5,2.5,1,0.2
47.8,d_19130801,35.5,23.1,9.2,4.6,1.4,0,16.7,9.2,3.1,1.5,0.5
51,d_19130901,27.7,15.5,4.7,1.8,0.3,0,21.4,12.7,4.5,2.3,0.6
48.4,d_19131001,29.4,17,5.9,2.4,0.3,0,22.1,12.1,3.2,1.5,0.4
47.5,d_19131101,26.3,15.6,5.8,2.5,0.2,0,26.1,15.6,5.3,2.7,1
41.8,d_19131201,32.8,21.9,8.1,4.4,1.7,0,25.5,15.6,6.6,3.9,1.9
36.9,d_19140101,31.3,20.8,8.1,4.5,1.6,0,31.8,22,12,8.1,4.1
35.9,d_19140201,28.9,18.9,8,4.6,2,0,35.3,24.7,12.6,8.2,4
46.4,d_19140301,26.5,16.1,6,3.5,1.3,0,27.1,17.1,5.4,2.7,1.1
47.8,d_19140401,23,12.8,5.2,2.9,0.6,0,29.3,19.1,6.6,2.8,0.8
43.5,d_19140501,24.1,14.4,5.9,3.3,0.9,0,32.6,23.9,11.7,6.1,1.9
36.9,d_19140601,25.3,18.5,10.2,6.7,3.2,0,37.9,26.8,10.8,5.3,1.3
29.6,d_19140701,34.5,25.7,15.5,11,5.9,0,36,28.2,16.2,9.5,3.2
32.2,d_19140801,32.8,23,11.2,6.6,2,0,35,26.5,13.7,7.2,2.5
34.8,d_19140901,32.8,23.2,9.1,4,0.9,0,32.5,20.9,6.5,2.5,0.3
40.8,d_19141001,31.4,20.1,6.2,2.9,0.8,0,27.9,18.6,7.8,3.9,0.5
35.5,d_19141101,40.3,28.5,13.7,6.6,2.2,0,24.4,17.2,8,4.4,0.8
39.4,d_19141201,33.4,21,7.6,3.1,0.8,0,27.2,20.1,11,7.3,2.5
38.3,d_19150101,32.3,21.7,9.4,5.1,1.3,0,29.5,20.8,11.6,7.5,3.3
41.9,d_19150201,21.3,13.3,5.1,2.1,0.5,0,36.8,25.6,12.4,6.8,2.9
40.3,d_19150301,31.2,21.6,10,4.9,1.3,0,28.5,18.3,7.8,3.9,1.6
33.2,d_19150401,32.5,23,10.7,5.2,1.1,0,34.3,25.2,11.9,6.4,2.2
35.9,d_19150501,25.1,17.1,8.1,4.5,2.2,0,39,29.7,13.5,6.8,2.1
33.7,d_19150601,21.7,14.7,6.3,3,0.9,0,44.5,35.2,18.7,10,4.3
35.3,d_19150701,18.7,9.9,3,1.4,0.4,0,46,37.7,21.6,14.5,6.4
33.4,d_19150801,11.9,6.6,2.7,1.6,0.6,0,54.6,44.5,27.4,19.2,9.7
34.1,d_19150901,9.9,4.8,1.3,0.5,0.1,0,56.1,43.9,26,18.3,10.3
41.3,d_19151001,12.7,6,1.3,0.4,0.1,0,45.9,33.6,19.8,14.4,8
42.3,d_19151101,17.8,8.3,1.8,0.7,0.1,0,39.8,28.8,16.7,10.2,4.7
38.4,d_19151201,8.8,4,0.7,0.3,0,0,52.8,37.4,18.9,11.7,5.2
24.8,d_19160101,6.6,3.4,0.8,0.3,0.1,0,68.6,54.2,32.9,21.7,9.7
28.4,d_19160201,10.1,6,1.8,0.7,0.2,0,61.6,46.8,24.5,15.4,7.1
30.5,d_19160301,10.8,6.7,2.3,1,0.2,0,58.7,44.3,21.9,11.2,3.1
42.8,d_19160401,13.4,7.9,2.5,0.6,0,0,43.7,27.6,9.5,3.5,0.5
40.1,d_19160501,20.7,12.8,4.1,1.7,0.2,0,39.1,23.8,7.4,2.4,0.2
38.9,d_19160601,25.5,17.2,6.3,3.2,1.7,0,35.6,23.4,8.7,4.3,0.8
35.7,d_19160701,21.7,15.3,6.9,2.6,0.3,0,42.5,29.1,11.7,5.6,1.8
38.9,d_19160801,18.5,11.2,4,1.4,0.1,0,42.4,30,12.7,5.8,1.6
42,d_19160901,21.9,13.2,4.5,2.3,0.9,0,36.2,25,10.5,5.4,1.6
42.7,d_19161001,33.5,21.3,7.6,3.4,0.4,0,23.8,15.8,6.2,2.8,0.7
45.4,d_19161101,36.2,21.9,6.6,2.7,0.7,0,18.4,11.2,3,0.8,0.1
50.8,d_19161201,32.9,18.2,4.3,1.8,0.6,0,16.2,8.6,2.4,1,0.2
45.7,d_19170101,32.1,20,5.8,2.1,0.4,0,22.2,13.1,3.9,1.7,0.4
43,d_19170201,34.2,22.4,8,2.7,0.4,0,22.7,13,4.4,2.2,0.6
39.3,d_19170301,39.2,28.3,14,7.9,3.4,0,21.5,13.9,5.9,2.9,0.8
45.4,d_19170401,36.1,23.6,8.8,3.9,0.9,0,18.4,9.7,2.8,1.1,0.3
41,d_19170501,38.7,25.5,10.4,5.3,1.3,0,20.2,12.5,4.4,1.9,0.4
40.6,d_19170601,38.4,28.6,14.8,8.9,3.3,0,20.9,11.3,3.3,1.2,0.2
41.4,d_19170701,42.5,32.3,18.7,12.9,6.7,0,16.1,7.7,1.7,0.8,0.1
42.3,d_19170801,39.5,28.2,15.6,10.9,5.4,0,18.2,10,2.6,1.3,0.5
40.9,d_19170901,41.5,29.6,15.8,9.7,3.8,0,17.6,10.5,2.7,1.1,0.3
38.5,d_19171001,47.7,35,20.3,14.4,7.5,0,13.7,7.7,2.3,0.6,0.1
34.7,d_19171101,56.5,43.8,26.5,18.8,10.5,0,8.8,4.7,0.8,0.2,0
29.2,d_19171201,63.4,50.7,30.3,21.2,11.6,0,7.4,3.7,0.9,0.3,0.1
29.1,d_19180101,63.2,50.8,32.3,23,13.9,0,7.7,4.4,1.2,0.3,0
21.8,d_19180201,72.1,59,35.7,24,12.5,0,6.2,3.5,1,0.3,0.1
25.4,d_19180301,68.6,57.2,36.1,25,13.2,0,5.9,2.7,0.7,0.3,0.1
27.8,d_19180401,64.7,52.3,27.7,16.2,6.3,0,7.5,3.8,1.2,0.5,0.1
33.2,d_19180501,60.2,46.3,25.9,15,6.7,0,6.6,3.1,0.7,0.2,0
28.6,d_19180601,66.3,51.9,28.2,16.4,5.6,0,5.3,2.2,0.5,0.1,0
31.1,d_19180701,59,46.8,26.7,15.9,5.8,0,9.8,4.8,1.1,0.4,0.1
34.4,d_19180801,49.7,37.5,20.3,10.2,2.4,0,15.8,8.5,2.6,1.2,0.4
36,d_19180901,44.2,31,11.6,4.9,1.2,0,19.9,11,2.5,0.8,0.2
42.4,d_19181001,37.9,24.5,7.5,2.9,0.5,0,19.8,11.8,3.8,1.3,0.3
50.7,d_19181101,30.1,16.8,5.2,1.9,0.3,0,19.3,11,2.9,1,0.3
51.7,d_19181201,23.4,12.6,3.6,1.5,0.2,0,25,14,2.6,0.7,0.1
52.3,d_19190101,29.2,15.4,3.6,1,0.2,0,18.5,8.8,1.6,0.3,0
51.2,d_19190201,23,12.8,2.8,0.6,0,0,25.7,14.7,3.8,1.3,0.1
52.4,d_19190301,14.5,6.6,1,0.1,0,0,33.3,20.5,6.6,2.8,0.5
50.9,d_19190401,14.4,6.2,1,0.2,0,0,34.7,23,9.5,3.9,1.1
47.9,d_19190501,16.4,9.2,2.7,1.1,0.2,0,35.6,24.3,11.5,6.2,1.9
37.2,d_19190601,24,16.9,10.9,7.4,4.3,0,38.7,29.7,17.5,10.2,3.2
33.1,d_19190701,28.7,20.9,12.9,9.5,5.8,0,38.1,29.6,17.3,10.8,4.7
35,d_19190801,29.7,21.5,13.6,10.5,6.6,0,35.2,26.8,14.2,8.8,3.3
34.7,d_19190901,33.5,22.9,11.8,8.1,5.1,0,31.8,23,11.5,7.3,3.4
38.9,d_19191001,20.4,12.4,6.2,4.3,2.4,0,40.8,30.5,15.7,9.9,5
30.8,d_19191101,25.7,18.3,9.9,6.2,2.4,0,43.6,34,19.6,13.7,6.7
31.7,d_19191201,29.3,20.1,8.9,4.7,1.2,0,39.3,29.5,15,9.1,3.9
29.4,d_19200101,31.9,22.7,11.6,6.9,2.6,0,38.7,30.6,18.2,12.1,5.9
30.7,d_19200201,31,23.3,13.6,8.5,3.7,0,38.2,28.6,15.2,9.3,4.4
36.7,d_19200301,22.9,15.6,7.1,4,1.5,0,40.5,29,13,7.4,2.7
36,d_19200401,17.6,11.2,4.1,1.8,0.3,0,46.4,33.3,14.5,7,1.9
31.3,d_19200501,19.4,13,5.2,2.3,0.4,0,49.2,37.7,18.3,8.5,2.2
36.3,d_19200601,17.5,11.7,4.9,2.5,0.6,0,46.3,34.4,16.4,8.7,2.6
43.3,d_19200701,24.1,14.3,4.6,1.6,0.3,0,32.7,23,8.7,3.5,0.9
45.2,d_19200801,22,12.9,3.5,1.1,0.2,0,32.7,21,7.5,3,0.9
45.6,d_19200901,19.3,11.2,2.9,0.8,0.1,0,35.1,22.9,7.1,2.5,0.4
49.9,d_19201001,13.6,7.3,1.6,0.3,0,0,36.4,22.2,5.8,1.6,0.1
47.1,d_19201101,12.7,6.5,1.3,0.4,0.1,0,40.1,25.7,7.6,2.2,0.1
41.8,d_19201201,17.6,9.7,2.2,0.8,0.1,0,40.6,27.9,8.4,2.6,0.3
45.9,d_19210101,22.4,12.6,3.8,2.1,0.6,0,31.7,20.7,6.5,2.1,0.2
44.2,d_19210201,26.6,15.1,6.1,3.1,1,0,29.2,20.9,7.6,2.4,0.2
42.6,d_19210301,27.6,16.4,6.2,3.2,1,0,29.9,19.5,6.3,2.5,0.4
41.3,d_19210401,24.5,14.3,4.6,2.3,1.1,0,34.2,22.1,6.5,2.5,0.5
52.3,d_19210501,26.4,14.1,3.7,1.4,0.2,0,21.3,12.6,4.2,1.9,0.7
46.8,d_19210601,27.8,16.4,4.2,1.5,0.2,0,25.5,14.7,4.3,1.8,0.5
54.4,d_19210701,22.1,10.5,2.4,0.8,0.1,0,23.7,13.4,4,1.8,0.6
53.1,d_19210801,21.8,11.6,3,1.2,0.2,0,25,14.7,5,2.4,0.7
48.4,d_19210901,24.8,15.6,6,3,1.1,0,26.7,16.4,5.1,1.8,0.4
44.9,d_19211001,32.7,21,6.3,2.4,0.7,0,22.3,12.1,2.9,1,0.1
41.2,d_19211101,30.5,18.5,4.3,1.8,0.4,0,28.3,16.4,4.1,1.4,0.3
40.6,d_19211201,29.8,17.9,4.6,1.9,0.5,0,29.5,18.8,6.6,2.8,1
39,d_19220101,34,22,6.4,2.2,0.4,0,27.1,16.9,6.7,3.5,1.2
44,d_19220201,27.7,15.3,3.5,1.1,0.2,0,28.3,17.5,5.5,2.3,0.5
44.4,d_19220301,21.6,12.8,5.6,3.2,1.2,0,33.9,21.8,8,3.2,0.7
46,d_19220401,18,9.4,1.8,0.6,0.2,0,36,24.5,11.2,6.2,2.2
46.8,d_19220501,14.9,7.9,1.7,0.5,0,0,38.4,23.6,8.8,4,1
47.5,d_19220601,17.3,9.4,2.2,0.6,0,0,35.3,21.5,5.8,2.1,0.3
43,d_19220701,13.2,7.1,2,0.5,0,0,43.8,28.1,9.8,4,1.1
40,d_19220801,18.4,11.1,4.8,2.4,0.6,0,41.5,28,11.1,4.9,1.3
44,d_19220901,26.1,16.2,6.5,3.7,1.1,0,29.8,17.4,5.2,1.8,0.3
46.7,d_19221001,28.6,18.7,7,3.6,1,0,24.9,13.3,4,2.1,0.7
49.2,d_19221101,28.8,17,6.2,3,0.8,0,21.9,10.9,3,1.4,0.5
47.9,d_19221201,33.1,20.8,6.5,2.6,0.7,0,19,10.4,3.3,1.7,0.6
42.6,d_19230101,39.9,27.1,11.5,5.3,1.3,0,17.5,9.8,3,1.4,0.6
42.3,d_19230201,44.9,29.2,11.9,5.8,1.6,0,12.9,7.3,2.3,1,0.2
43,d_19230301,44.5,28.1,10,4.7,1.2,0,12.7,6.9,2.1,0.8,0.1
47.2,d_19230401,41.6,25.2,7.9,3.3,0.7,0,11.1,6,1.8,0.5,0.1
46.3,d_19230501,37.7,21,5.2,2.5,0.6,0,15.9,8.1,1.4,0.5,0.1
48.7,d_19230601,21.6,11.4,3.4,1.2,0.2,0,29.6,18,5,1.7,0.2
46.2,d_19230701,18.3,10.1,2.6,0.8,0.2,0,35.6,23,8.5,3.7,1.4
42.1,d_19230801,19.1,10.1,2.6,0.8,0.1,0,38.9,27.4,11.7,5.5,1.4
40.6,d_19230901,17.8,10,2.6,1,0.1,0,41.5,28.6,12.9,7,2.1
34.7,d_19231001,21,13.5,5.1,2.6,0.9,0,44.4,33.6,18,11.4,5.2
34.7,d_19231101,20.4,12.4,4.7,2.4,0.9,0,44.8,32.9,17.6,10.8,4.7
31.6,d_19231201,18.1,11.1,4.2,1.7,0.5,0,50.3,38.5,21.4,13.3,6.2
33.7,d_19240101,21,14.3,6.4,2.5,0.6,0,45.3,32.4,17.6,11.8,6
36.6,d_19240201,22.1,14.4,6.3,3.3,1.1,0,41.4,30.3,15.7,10.7,6.4
37.6,d_19240301,24.9,16.7,7.9,4.9,1.8,0,37.2,27.4,15.3,11,6.6
38.4,d_19240401,26.5,17.5,8.7,5.6,2.5,0,35.1,26,14.4,9.7,4.9
36.7,d_19240501,34.1,25,13.8,9,4.1,0,29.2,20.4,9.7,4.9,1.4
41.2,d_19240601,35.6,27.2,16.1,10.8,5.7,0,23.2,13.5,3.5,1.1,0.2
41.8,d_19240701,41.9,31.9,20.4,15.6,10.2,0,16.4,8.6,2.3,0.8,0.2
38.6,d_19240801,46,34.5,21.6,15.8,9,0,15.4,8.9,2.5,1.1,0.4
28.2,d_19240901,54.6,42.9,26.7,20,12,0,17.3,11.5,5.3,2.6,0.6
31.9,d_19241001,56.2,42.4,23,13,5.1,0,11.9,7.3,2.4,1,0.3
30.7,d_19241101,59.3,44.9,22.1,13.2,6.6,0,9.9,5.5,1.5,0.7,0.2
35.6,d_19241201,53.8,39.3,18.5,11.1,5.6,0,10.7,6.2,2.3,1.1,0.4
35.2,d_19250101,53.1,41.4,22.5,13.4,6.3,0,11.6,7.5,3.7,2.8,1.4
33.5,d_19250201,49,39.1,24.5,17.8,9.5,0,17.4,9.4,3.1,1.5,0.4
38.9,d_19250301,50,38.8,23.8,17.3,10.2,0,11.1,5.5,1.2,0.3,0
36.3,d_19250401,50,38.2,23.8,17.2,11,0,13.8,6.2,1.1,0.4,0
29.8,d_19250501,57.1,46.3,29.6,21.5,13.5,0,13,6.5,1.2,0.6,0.2
27.5,d_19250601,57.2,47.1,32.2,24,14.3,0,15.2,7.9,1.7,0.8,0.1
38.9,d_19250701,51.5,37.9,20.4,12.4,5.3,0,9.6,4.1,0.9,0.2,0
37.8,d_19250801,48.6,36.4,19.4,12,5.2,0,13.6,7.1,2.1,0.8,0.1
36.5,d_19250901,45.8,34.7,20.7,13,6.6,0,17.7,10.2,3.3,1.7,0.5
36.5,d_19251001,38.2,28.5,15.5,9.8,5.5,0,25.3,16.4,6.2,3.4,1.4
40.5,d_19251101,34.5,24.2,13.2,9,4.5,0,25.1,15.7,5.4,2.4,0.8
43.8,d_19251201,32.4,21.2,10.4,5.8,2.3,0,23.8,14.2,5,2.4,0.8
51,d_19260101,27.6,16.8,7,3.3,0.8,0,21.4,11.4,3.3,1.4,0.6
53,d_19260201,19.7,10.5,2.5,1,0.1,0,27.3,15.9,5.2,2.3,0.9
45.1,d_19260301,26.9,17.3,6.6,2.8,0.7,0,28.1,16.4,4.4,2.2,0.8
41.8,d_19260401,31,19.4,8.9,5,2.2,0,27.3,17.2,4.2,1.6,0.5
40.7,d_19260501,33.7,21.1,7.8,4.2,1.5,0,25.7,15.8,4.1,1.5,0.5
34.1,d_19260601,44.9,32.4,15.6,8.7,3,0,21.1,12.1,3.5,1.2,0.3
30.2,d_19260701,52.1,41.1,19.8,9.6,2.3,0,17.6,10.2,2.7,1.1,0.3
36.4,d_19260801,45.6,32.4,11.3,4.2,0.8,0,18,10.4,3.3,1.5,0.4
41.9,d_19260901,31.9,19.3,6.4,2.6,0.6,0,26.2,17.1,6,2.6,0.4
43.3,d_19261001,29.1,18.9,7.3,3.3,0.8,0,27.7,18.8,6.9,3,0.8
42.3,d_19261101,22.2,12.4,3.8,1.6,0.4,0,35.6,23.2,7.5,2.8,0.6
44.6,d_19261201,16.1,8.7,2.9,1.3,0.5,0,39.3,27,9.2,3.2,0.7
47,d_19270101,17.8,10.3,3.8,2,0.9,0,35.1,23.1,8.7,3.4,0.6
40.8,d_19270201,11.7,6.2,2.3,1.1,0.4,0,47.7,33,15,7.9,2
34.4,d_19270301,11,6.3,2.3,1.3,0.6,0,54.6,40.4,20.1,10.9,3.5
30.1,d_19270401,13.3,9.3,3.9,2.1,0.7,0,56.6,44.5,27.4,19.4,10.8
28.6,d_19270501,16.7,11.4,6.2,3.8,0.9,0,54.8,43.8,28.5,20,10
34.6,d_19270601,15.8,10.7,4.3,1.9,0.2,0,49.8,35.5,17,9.6,3.5
35.6,d_19270701,15.6,9.1,3,1.1,0.1,0,48.6,34.5,15.4,8,2.6
35.4,d_19270801,22,14.3,5.4,2.3,0.4,0,42.4,32.7,17.5,10.8,4.5
32.9,d_19270901,23.5,16.3,7.2,3.7,0.8,0,43.6,33.1,17.6,11.1,4.6
33.1,d_19271001,17.1,10.2,3.3,1.2,0.3,0,49.9,36.5,19,12.2,4.6
36.2,d_19271101,17.4,11.9,5,2.6,0.7,0,46.3,34.4,19.1,12.1,5.5
38.8,d_19271201,14.2,8.1,2.7,1.1,0.1,0,47,34.6,18.7,10.9,4.8
39.9,d_19280101,24.3,14.5,4.8,2.4,0.4,0,35.9,27.1,14.3,7.8,3.3
41.2,d_19280201,24.2,14.4,4.3,1.3,0.3,0,34.5,23.8,9.8,4.2,1.1
42.1,d_19280301,26.1,16.6,4.4,1.2,0.1,0,31.6,21.4,8.8,4.4,1.4
45.7,d_19280401,24.9,14.8,4.4,2,0.5,0,29.4,18.8,7.6,3.9,1.4
49.4,d_19280501,28.1,16.1,5.5,2.5,0.5,0,22.6,12.7,4.1,1.9,0.5
48.7,d_19280601,21.5,10.5,2.5,1,0.2,0,29.8,19.6,8.4,5,2.3
44.8,d_19280701,21.5,10.9,2.5,1,0.3,0,33.8,22.3,9.2,4.6,1.5
39.4,d_19280801,26.5,16.1,5.1,2.1,0.5,0,34.3,23.3,10,5.1,2.2
39,d_19280901,35,23.7,10.1,4.9,1.3,0,26,16.6,7.7,4.6,2.3
41.7,d_19281001,26.2,17.6,8,3.9,1.1,0,32.1,22.2,10.3,6.1,3.1
42,d_19281101,23.8,15.7,5.9,3.1,1.7,0,34.1,23.4,11,6.4,2.6
40.1,d_19281201,26.2,18.9,10.8,6.5,2.7,0,33.6,22.3,9.4,5.3,2
38.9,d_19290101,25.2,18.4,9.5,6.4,3.2,0,35.8,23.4,9,4.1,1
28.8,d_19290201,27,19.8,10.2,6.6,3,0,44.1,31.2,13.7,7.1,2.7
34.9,d_19290301,30.9,21.6,11.6,7,3.4,0,34.2,24.4,11,6.3,2.4
37.9,d_19290401,29.5,20.7,10.2,5.6,2.3,0,32.6,21.7,10.9,6.4,3.1
35.8,d_19290501,30.5,21.9,11.1,5.5,2.3,0,33.8,22.3,8.8,4.3,1.5
35.2,d_19290601,30.6,21,7.8,3.6,1,0,34.3,22.3,9.6,4.6,1.1
37.4,d_19290701,32.5,21.9,9.2,5.5,2.5,0,30.1,19.9,8.3,3.6,0.8
39.4,d_19290801,35.8,24.2,10.9,6.4,2.6,0,24.9,14.7,4.9,1.6,0.2
38.9,d_19290901,29.2,20.5,11.3,7.4,3.7,0,31.9,21.6,8.4,4,1.3
36,d_19291001,30.3,22.3,12.4,8.2,4.6,0,33.5,22.9,9.7,5.4,2.4
33.8,d_19291101,32.5,25.3,16.2,12.3,7.5,0,33.6,23.2,10.2,5.9,3
38.1,d_19291201,33.6,23.4,11.1,6.8,3.2,0,28.3,17.4,5.9,2.4,0.6
36,d_19300101,35.1,25.1,12,7,3.4,0,29,19,7.3,3.4,0.9
45.2,d_19300201,36.6,23.6,9.4,5.2,1.8,0,18,10.2,2.9,1.1,0.2
44,d_19300301,37.6,24.6,10.7,5.9,2.3,0,18.3,10.5,3.2,1,0
43.1,d_19300401,41,24.5,8.9,4.7,1.8,0,15.8,8.3,2.7,1,0.1
51.3,d_19300501,27.5,15.4,4.2,2.3,1,0,21.2,11.8,4,2.1,0.6
50.6,d_19300601,36.8,21.5,6.3,2.9,0.6,0,12.7,5.9,1.6,0.8,0.3
41.4,d_19300701,51.7,34.3,15.5,8.7,3.5,0,6.9,3.6,1,0.4,0.1
36,d_19300801,51.2,38.6,21.7,14.8,8.5,0,12.6,6.1,1.6,0.6,0
30.4,d_19300901,54.6,41.5,22.3,13.3,7.3,0,15,8.7,2.6,1.1,0.1
32.9,d_19301001,52.3,39.5,23,16.4,10.8,0,15,8.8,2.8,1.5,0.3
33.1,d_19301101,47.2,36.1,22.2,16.7,11.5,0,19.6,11.8,3.8,1.5,0.3
32.8,d_19301201,52.2,41.6,27.3,19.6,12.9,0,14.9,8.7,2.7,1.2,0.4
31.9,d_19310101,53.9,42.1,26.8,20,12.6,0,14.2,8.8,2.3,0.9,0.1
28.7,d_19310201,58.3,48.8,34.1,25.9,16.9,0,12.9,6.9,1.7,0.6,0
28.1,d_19310301,55.7,46.4,32.7,23.9,14.2,0,16.1,10.9,3.6,1.7,0.7
26.1,d_19310401,55.7,46.3,29.9,20.8,11,0,18.3,12.1,4.4,2,0.7
26.2,d_19310501,59.8,49.5,30.6,18,6.3,0,14.1,9.5,3.4,1.3,0.3
20.3,d_19310601,66,54.6,35.1,22.9,9.8,0,13.8,8.8,3.4,2,0.9
22.9,d_19310701,67.2,54.3,33.7,23.6,11.5,0,10,7.2,2.9,1.2,0.5
22.1,d_19310801,66.2,55.7,35.6,25,14.2,0,11.8,8.3,3.1,1.6,0.5
27.6,d_19310901,60.5,48.7,27.1,16.7,7.4,0,11.8,8.4,4.3,2.4,0.7
31.8,d_19311001,54.7,42.6,22.7,13.5,5.6,0,13.6,8.9,4.7,2.9,0.9
37.1,d_19311101,46.2,34.6,19.3,10.6,3.9,0,16.7,10.4,3.5,1.5,0.5
39.5,d_19311201,37.5,27.9,14.2,7.6,3.1,0,22.9,15.9,7.7,3.6,0.8
40,d_19320101,27.5,19.3,8.9,5.4,2.6,0,32.5,21.2,6.2,2.2,0.4
38.8,d_19320201,23.4,16.3,7.7,4.7,2.6,0,37.7,26.9,12.4,5.5,1.4
40.3,d_19320301,17.1,10.7,4.4,2.5,1.1,0,42.6,28.8,10.1,4.6,1.6
41.8,d_19320401,14.4,8.9,3.8,2,1,0,43.7,28.1,9.9,3.8,1
43.6,d_19320501,17.8,10.5,4.6,2.7,1.1,0,38.6,22.8,6.9,3.2,0.7
44.4,d_19320601,14.7,8.3,2.1,0.8,0.2,0,40.9,24.7,6.9,2.6,0.7
43.6,d_19320701,14,7.3,2.4,1,0.2,0,42.3,27.1,8.2,3.1,0.7
44.4,d_19320801,15.7,8.6,2.5,0.9,0.2,0,40,24.9,8.3,3.2,0.7
48.3,d_19320901,26.1,16.1,5.7,2.5,0.7,0,25.6,15.5,6.4,3.5,1.3
45.9,d_19321001,31.2,20.4,8.1,3.7,0.9,0,23.1,14.2,5.5,2.8,0.9
40.3,d_19321101,38.1,25.8,11.1,6.4,2.4,0,21.6,12.4,3.9,1.5,0.2
45.4,d_19321201,32.5,20,5.5,2,0.3,0,22.1,13.7,5.6,3,1
46.6,d_19330101,28.8,17.1,5.6,2.4,0.5,0,24.6,15.3,6.1,3.2,1
44.7,d_19330201,28.3,17.9,7,3.4,1.3,0,26.9,17.2,7.1,3.6,1.1
42.3,d_19330301,33.4,22.1,9.5,5.2,2.1,0,24.3,14.9,6,2.7,0.7
39.3,d_19330401,32.7,21.7,8.9,4.4,1.3,0,28,17.8,7.1,3.5,0.7
37.8,d_19330501,30.7,20.9,8.7,4,1.3,0,31.4,20.1,7.7,3.6,1.1
37.5,d_19330601,38.2,27.9,12.7,7.3,3.2,0,24.5,13.9,3.5,1.1,0.1
42.9,d_19330701,40,26.4,10.9,6.1,2.5,0,17.3,9.4,2.1,0.5,0
44.2,d_19330801,34.6,21.7,7.8,4,1.3,0,21.2,12.4,3.3,1.4,0.4
41.8,d_19330901,40.4,26.5,10,4.8,1.1,0,17.9,10.9,3.7,1.6,0.4
34.6,d_19331001,48.3,35.2,17.6,8.7,2.1,0,17.1,10.1,3.2,1.3,0.4
34.3,d_19331101,54.5,41,20.6,11.7,4,0,11.2,6.3,2,0.8,0.2
35.7,d_19331201,50.9,37.6,18.6,9.4,3,0,13.4,8.2,3.1,1.7,0.8
31.6,d_19340101,58.3,44.3,22.9,13.5,4.7,0,10.1,6.3,2.8,2,1.2
23.2,d_19340201,68.1,56.5,34,22.7,10.9,0,8.7,4.9,2.2,1.3,0.6
29.6,d_19340301,57.8,45,23.4,13.2,5,0,12.6,8.2,3.3,1.8,0.8
27.6,d_19340401,62.2,50.8,29.4,18.4,8.7,0,10.3,6.4,2.9,1.7,0.7
19,d_19340501,75.4,64.9,44.3,32.7,19.2,0,5.5,3.7,1.6,1,0.4
18.2,d_19340601,77.3,64.1,40,29.8,18.2,0,4.7,3.2,1.5,0.8,0.2
18.6,d_19340701,78,66.3,44.1,31.6,19.2,0,3.4,2,0.8,0.3,0
24.6,d_19340801,70.7,59.1,38.4,26.8,16.9,0,4.6,2.7,1.1,0.6,0.2
22.4,d_19340901,72.3,60.7,36.5,24.7,13.1,0,5.2,2.7,0.7,0.2,0
21.3,d_19341001,71.7,59.5,37.8,24.4,12.3,0,6.9,3.5,0.7,0.2,0
31.8,d_19341101,57.9,46.7,28.3,18.7,9.9,0,10.2,5.1,0.9,0.3,0.1
33.5,d_19341201,56.9,46,28.1,19.7,11,0,9.8,4.3,0.5,0.1,0
34.6,d_19350101,51,39.9,24.4,17.4,9,0,14.4,7.3,1.1,0.3,0.1
38.3,d_19350201,44.1,32.7,17.8,10.9,4.3,0,17.5,9.5,1.8,0.4,0
35.5,d_19350301,42.6,33.3,18.6,11.8,5.8,0,22,12.7,3,0.9,0.1
39.7,d_19350401,30.7,22.3,10.7,6.3,2.7,0,29.5,16.6,3.8,1.1,0.1
41.5,d_19350501,19.3,12,4.3,1.5,0.1,0,39.3,25.6,8.7,3.5,0.7
40.8,d_19350601,22,13.7,4.4,2,0.4,0,37.2,22.9,8.3,3.5,0.4
39.2,d_19350701,20,12.3,4.1,1.7,0.3,0,40.8,26.5,10.6,5.3,1.3
42.5,d_19350801,23.4,13.8,5.2,2.7,0.8,0,34.1,21.8,7.2,3.3,1.2
42.1,d_19350901,23.1,15,7.4,4.3,1.9,0,34.8,22.7,9.6,5.2,2
44.6,d_19351001,28.5,18.7,8.6,5.3,2.2,0,26.9,17,6.9,3.8,1.6
44.7,d_19351101,27.1,17.9,8.9,5.3,1.8,0,28.2,17.8,7.2,4,1.5
45.1,d_19351201,31.2,20.4,10.4,7.4,3.8,0,23.6,14.1,5.1,2.5,0.8
42.5,d_19360101,31.5,21.1,8.8,5,2.2,0,26,16,5.2,2.4,0.8
45.8,d_19360201,32.2,21.5,8.8,4.4,1.4,0,22,12.1,3.4,1.4,0.4
40.2,d_19360301,38.9,27.3,13.4,6.9,1.9,0,20.9,13.5,4.7,2.3,0.7
36.7,d_19360401,45.6,33,14.5,6.8,1.9,0,17.7,11.7,4.6,2.1,0.5
34.9,d_19360501,49.2,36.3,20,13.2,4.5,0,15.9,9.2,2.9,1,0.3
33.8,d_19360601,54.4,42.6,25.7,17.1,8.2,0,11.7,6,1.2,0.2,0
31.7,d_19360701,50.3,43.9,32.7,25,14.4,0,18,10.3,3.4,1.4,0.2
29,d_19360801,49.3,43.4,34.4,28.6,20.4,0,21.8,13.2,4.3,1.7,0.3
27.6,d_19360901,44.6,38.4,27.7,20.4,12.3,0,27.8,17.9,5.9,2.4,0.4
26.6,d_19361001,50.6,41.6,27.6,18.9,10.4,0,22.7,15.5,4.9,1.7,0.2
24.1,d_19361101,62.7,53.5,37.1,27.6,16.4,0,13.2,8.2,1.8,0.6,0.1
25.6,d_19361201,57.8,47.4,29.8,21.4,12.3,0,16.7,11.4,4.3,1.7,0.2
33.7,d_19370101,40.7,32.7,22,16.2,8.9,0,25.7,17,6,2.5,0.4
32.1,d_19370201,36.8,30.4,20,14.4,8.3,0,31.1,22.2,9.6,4,0.8
33,d_19370301,33,26.6,15.9,9.9,4.3,0,34.1,23.5,9.1,3.9,0.7
35,d_19370401,27.1,18.7,8,3.7,0.9,0,37.8,24.5,8.2,3.7,0.8
32.7,d_19370501,28.1,21.1,9.9,5.2,2,0,39.3,25,7.1,2.3,0.3
37.7,d_19370601,29,19.6,8,3.4,1.2,0,33.4,21.7,7.5,3.3,0.8
42.4,d_19370701,25.6,17.1,6.8,2.8,0.7,0,32,18.8,6.3,3.2,0.9
38.9,d_19370801,22.2,14.9,6.5,3.2,0.8,0,38.9,26.5,10.4,5.3,2
42.1,d_19370901,26.2,17.9,7.1,2.8,0.6,0,31.7,19.2,6,2.6,0.7
40.5,d_19371001,34.7,22.9,7.9,3.1,0.5,0,24.7,15,4.6,1.9,0.4
41,d_19371101,38.3,25.3,9.5,4,0.7,0,20.7,13,5.8,3.1,1
41.9,d_19371201,36.2,24.5,8.6,3.6,0.8,0,21.9,14.2,6.5,3.5,0.9
45.9,d_19380101,35.3,22.1,7.1,2.7,0.7,0,18.7,10.7,2,0.5,0.2
44.4,d_19380201,29.4,17.6,5.2,2.5,0.6,0,26.3,17.1,6.8,2.7,0.5
40.1,d_19380301,26.7,16.5,5.1,2,0.3,0,33.1,23,9.8,4.3,1.2
47.5,d_19380401,21.6,11.7,3.6,1.8,0.6,0,30.9,19.8,7.7,3.6,0.6
47.4,d_19380501,12.8,5.8,1,0.3,0,0,39.7,25.4,8.9,3.7,0.3
43.7,d_19380601,9.6,4,0.5,0.1,0,0,46.7,29.3,9.9,4.8,1.1
41.5,d_19380701,9.8,4.9,0.9,0.2,0,0,48.7,34,13.6,6.7,1.9
40.2,d_19380801,12.7,7.7,2.8,1.4,0.2,0,46.9,31.6,12,5.9,1.9
41.9,d_19380901,13.7,7.8,2.5,1.2,0.3,0,44.4,29.8,13.1,7.4,2.7
43.5,d_19381001,18.7,10.1,2.7,1.2,0.3,0,37.7,27.5,15.6,9.2,3.4
42.9,d_19381101,22.2,11.9,3.5,1.3,0.2,0,34.8,24.3,11.9,6.1,1.6
42.7,d_19381201,34,21.8,7.3,2.9,0.7,0,23.4,15,6,2.5,0.6
43.3,d_19390101,32.4,20.7,7.8,3.4,0.9,0,24.4,14.4,5.5,2.7,0.9
42.9,d_19390201,31.5,20.3,7,2.8,0.4,0,25.6,15.8,6,3.3,1.4
42.8,d_19390301,36.5,24.8,8.1,3.1,0.4,0,20.7,12.5,4.7,2.4,0.7
39.6,d_19390401,44.7,33.8,16.4,8.5,2.7,0,15.8,9.1,2.8,0.9,0.1
39.8,d_19390501,46.1,33.4,13.4,5.5,1.2,0,14.1,7.2,1,0.3,0.1
45.5,d_19390601,42.3,27.6,9.7,4.1,0.7,0,12.3,5.9,1.9,1,0.4
40.5,d_19390701,42.5,30.1,12.2,5.9,1.6,0,17.1,9.3,2.7,0.9,0.1
37.6,d_19390801,42.5,30.4,14.6,8.4,2.6,0,19.9,11.9,3.8,1.5,0.2
36,d_19390901,45.3,32.2,13.6,6.5,2,0,18.8,11.6,3.8,1.6,0.3
34.9,d_19391001,50.7,37.5,16.5,8.2,2.8,0,14.5,8.1,2.4,0.8,0.1
27.3,d_19391101,65.4,52.1,30.8,20.6,11.1,0,7.2,4.4,1.2,0.2,0
25.2,d_19391201,68.7,53.7,30.3,18.5,8.1,0,6,3.4,0.8,0.1,0
27,d_19400101,66.4,52.5,29.2,17.6,6.6,0,6.6,2.8,0.5,0.1,0
35.3,d_19400201,51.7,37.4,17.5,9.3,2.9,0,13.1,7.4,1.1,0.2,0
26,d_19400301,60.4,49.1,29.5,17.4,5.5,0,13.7,8.2,1.4,0.2,0
34.2,d_19400401,47.7,35.4,15.9,8,2.4,0,18.1,10.4,1.9,0.5,0
32.9,d_19400501,51.6,41.6,22.1,12.5,4.7,0,15.5,7.2,0.4,0,0
39.8,d_19400601,45.9,31.8,11.2,4.5,0.8,0,14.3,6.5,0.7,0.1,0
41.9,d_19400701,44.4,31.4,12.6,6,1.3,0,14,6.5,0.9,0.1,0
45.8,d_19400801,30.3,18.7,6.4,2.9,0.9,0,23.7,13.7,3.5,1.1,0.2
42.8,d_19400901,28.7,18.9,7.5,3.7,1.2,0,28.7,17.3,6.5,2.7,0.4
43.1,d_19401001,28,18.4,7.8,3.8,0.9,0,28.8,17.7,7.2,3.9,1.4
46.2,d_19401101,29.1,19.1,7.1,3.1,0.5,0,24.9,14.5,3.9,1.4,0.3
42.1,d_19401201,26.9,17,6,2.7,0.7,0,31.1,20.4,9,4.5,1.5
38.3,d_19410101,34.6,23.1,9.4,5.2,1.9,0,27.1,18.9,7.9,3.6,1.1
35.7,d_19410201,33,22.2,10.2,6.2,2.2,0,31.2,23.2,12.3,6.7,1.8
34,d_19410301,35.1,26.3,13.9,8.6,4.8,0,30.8,22.8,13.2,8.2,2.8
25.3,d_19410401,30.7,24.2,15.5,10.5,5.2,0,43.8,33.8,20.3,13.8,7.3
19.8,d_19410501,35.9,31.2,22.5,17.5,11,0,44.4,37.8,25.6,18.7,9.9
19.9,d_19410601,30.2,25.3,15.8,11.1,6.1,0,49.8,42,29.7,22.3,13.1
26.2,d_19410701,26.4,19.7,10.3,6,2.2,0,47.5,40.4,29.5,24.1,16.5
20.6,d_19410801,30.3,24.3,14,8.3,3.6,0,49.1,42.4,30.6,23.7,15.2
17.5,d_19410901,28.1,23.5,15.7,11.2,6.3,0,54.3,47,33.6,25,14.2
16.2,d_19411001,21.7,17.7,10.6,6.9,2.6,0,62,54.7,39.6,31.4,21.2
19.6,d_19411101,19.1,15,8.5,5,1.8,0,61.4,52.7,37.2,27.9,17.7
17.9,d_19411201,14.7,10.7,5,2.4,0.8,0,67.5,59.4,42,29.3,16
23.6,d_19420101,16.1,10.9,4.8,2.4,0.6,0,60.4,48.4,28.4,18.3,9.6
27.1,d_19420201,11.3,6.8,2.4,0.9,0.1,0,61.6,50.2,28.8,17.8,7.6
34.1,d_19420301,11.7,5.7,1.3,0.4,0.1,0,54.2,40.9,20.4,11.7,4.7
28.2,d_19420401,15.4,11.4,6.9,4.5,1.9,0,56.5,45.7,29.2,20.8,9.7
27.2,d_19420501,15,10.9,5.6,3.2,0.9,0,57.6,45.8,27.4,17.6,7.3
36.6,d_19420601,13.1,7.7,2.9,1.1,0.2,0,50.3,35.5,15.7,8.9,3.6
44.3,d_19420701,25.3,15,4.3,1.7,0.4,0,30.4,17.6,5.5,2.5,0.7
45.8,d_19420801,17,9.2,2.3,0.9,0.1,0,37.3,22.5,6.4,2.5,0.6
40.9,d_19420901,23.2,14.9,5.9,2.8,0.9,0,35.9,22.8,7.7,3.4,0.8
40.8,d_19421001,20.2,11.7,3.5,1.3,0.2,0,39,26.3,10.6,5.3,1.4
39.7,d_19421101,17.5,10.6,3.5,1.5,0.4,0,42.8,28.7,10.6,4.9,1
33,d_19421201,16.7,10.7,3.5,1.5,0.4,0,50.3,36.2,15.6,7.4,1.9
32.9,d_19430101,18.4,12.8,5.5,2.6,0.5,0,48.7,34.2,14.2,7.2,2.1
39.3,d_19430201,21.6,14.7,6,2.6,0.3,0,39,24.6,7.4,3,0.6
40.7,d_19430301,21.7,14.2,5.5,2.6,0.7,0,37.8,24.1,7,2.4,0.5
39.6,d_19430401,22.1,13.9,5.6,2.5,0.5,0,38.3,23.9,7.7,3,0.8
42.6,d_19430501,22.2,13.5,4.7,1.9,0.6,0,35.2,23.2,8.8,4.1,1.1
42.3,d_19430601,19.5,11.6,4,1.7,0.6,0,38.1,25.4,9.2,3.9,1
39.7,d_19430701,23.8,15.8,6.7,3.5,0.9,0,36.6,24.6,8.6,3.6,0.9
42.6,d_19430801,25.4,16.2,7,3.2,0.8,0,32.1,19.6,6.2,2.2,0.4
46.5,d_19430901,34.4,22.7,10.3,5.1,1.1,0,19,10.4,2.6,0.6,0
48.7,d_19431001,36.5,23.1,8.4,3.6,0.8,0,14.8,7.1,1.2,0.2,0
50.4,d_19431101,35.9,21.8,7,2.6,0.4,0,13.7,6.7,1.5,0.4,0.1
41.6,d_19431201,47.4,31.6,10.3,4.3,1.1,0,10.8,5,1,0.3,0
41.6,d_19440101,46.5,33.6,13.9,6.6,1.9,0,11.8,5.6,0.9,0.2,0
41.8,d_19440201,44.9,31.3,13.9,6.9,1.9,0,13.3,7.2,1.6,0.5,0.1
41,d_19440301,47.2,33.4,16.4,9.5,3.4,0,11.8,5.2,1.1,0.4,0.1
39.6,d_19440401,38,26.3,11.5,6.5,2.6,0,22.5,12.8,3,0.8,0.1
39.5,d_19440501,33.9,23,10.4,5.9,2.3,0,26.6,15.5,4.6,2,0.5
45.7,d_19440601,19.8,12.6,5.3,2.7,0.7,0,34.4,22.8,8.5,4,1.2
40.1,d_19440701,24.6,17.5,9,5.7,2.7,0,35.3,23.1,9.2,4.7,1.8
34,d_19440801,23.8,16.6,7.7,4.6,2.1,0,42.2,30,15,8.2,2.9
40.5,d_19440901,19,11.6,4.1,1.7,0.4,0,40.5,28,12.2,6,1.7
45.1,d_19441001,19.7,11.3,3.7,1.8,0.5,0,35.1,22.1,8.2,3.5,0.8
44.2,d_19441101,20,11.8,3.6,1.4,0.3,0,35.8,23.4,9.3,4.2,0.9
41.6,d_19441201,25.9,17.3,7.1,3.3,0.6,0,32.5,20.4,6.9,2.7,0.5
40.5,d_19450101,35.4,26.6,15,9.2,3.1,0,24.3,15.3,5.5,2.4,0.6
43.4,d_19450201,29.5,20.8,9.6,5,1.9,0,27.1,16.5,6,2.6,0.7
45.2,d_19450301,28.7,18.7,7,3.6,1.1,0,26.2,15.7,4.9,1.9,0.4
43.3,d_19450401,23.7,13.5,4.5,2,0.5,0,33,22.4,9.3,4.9,1.6
50.6,d_19450501,20.2,10.9,3,1.2,0.3,0,29.2,17,4.4,1.5,0.2
45.5,d_19450601,19.6,10.8,2.7,1.1,0.3,0,34.9,22.5,9.4,4.9,2.4
42.5,d_19450701,13.7,7,2.1,1.1,0.3,0,43.7,30.6,14.1,7.9,3.8
42,d_19450801,18.3,9.9,2.8,1.1,0.3,0,39.8,28.3,13.1,7.7,4
36.7,d_19450901,13.7,7.2,2.3,1.3,0.3,0,49.6,36.8,18.4,10.9,5.6
34.1,d_19451001,14,7.3,2.3,1,0.3,0,51.9,38.9,20.4,12.6,6.2
35.6,d_19451101,15.7,8.5,2.8,1.2,0.3,0,48.8,35.8,17.4,10.6,5.1
33.9,d_19451201,17.5,10.4,3.6,1.5,0.5,0,48.7,35,15.1,7.3,2
36.3,d_19460101,18.3,11.1,3.4,1.5,0.4,0,45.4,31.5,11.3,5.3,1.5
40.3,d_19460201,17.8,10.1,2.9,1.2,0.3,0,41.9,28.8,12.4,5.8,1.6
46.6,d_19460301,16.5,8.9,2.6,1.1,0.2,0,36.8,23.7,8.8,3.8,0.9
51.7,d_19460401,22.8,11.8,2.9,0.8,0.1,0,25.2,14.2,4.1,1.8,0.3
44.6,d_19460501,22.7,13.2,3.4,0.8,0,0,32.7,21.1,7.6,3.4,0.7
47.3,d_19460601,29.3,17.9,5,1.6,0.1,0,23.5,13.8,4.9,2.1,0.3
42.8,d_19460701,32.5,20.1,6.9,3.1,0.8,0,24.8,15.5,5.9,2.4,0.4
48.2,d_19460801,29.2,16.5,5.4,2,0.5,0,22.6,14.4,6.7,3.3,0.9
46.1,d_19460901,30.3,19.2,7,2.9,0.6,0,23.6,15,7,3.9,1.1
46.7,d_19461001,21.6,12.9,5.1,2.7,0.6,0,31.8,19.2,5.9,2.3,0.6
39,d_19461101,17.3,10.6,3.7,1.7,0.4,0,43.6,30.3,11.4,4.6,1
43.3,d_19461201,19.1,10.8,2.8,1.2,0.2,0,37.6,25.2,8.4,3,0.7
42.2,d_19470101,13.8,7.2,1.3,0.3,0,0,43.9,30.8,12.4,5.9,1.6
42.9,d_19470201,25.3,14.4,3.3,1,0.1,0,31.7,20,6.8,2.5,0.4
42.4,d_19470301,27.4,16.3,4.6,1.8,0.3,0,30.2,20.1,7.9,4,1.1
41,d_19470401,20.9,12.3,3.5,1.4,0.3,0,38.1,25.6,10,4.6,1.6
39.8,d_19470501,19.4,11.6,2.8,1,0.2,0,40.7,25.8,9.1,4.5,1.9
36.1,d_19470601,18.5,10.9,2.8,1,0.2,0,45.4,32.6,16.3,9.2,3.2
40.6,d_19470701,29.4,17.8,6.1,2.8,0.4,0,30.1,20.3,7,3.3,1.1
42,d_19470801,36.4,24.2,9.5,4.5,1.4,0,21.7,13.3,5.8,3,1.2
41.2,d_19470901,37.4,24.7,11.9,7.7,3.2,0,21.4,13.8,5.6,2.8,1.2
38.1,d_19471001,38,26.9,12.3,7.1,2.2,0,23.8,16,6.4,3.3,1.2
42.1,d_19471101,25.9,17,7.4,3.8,0.9,0,32.2,22.6,10.8,6.1,2.7
42.5,d_19471201,24.5,15.9,5.7,2.6,0.5,0,32.8,22.7,10.7,5.7,2.6
40.8,d_19480101,31.6,20,8.3,4.4,1.6,0,27.6,20,9.6,5.6,2.2
37.4,d_19480201,31.6,21,9.7,6,2.7,0,30.9,22.7,11.9,7,2.6
37.7,d_19480301,38.9,26.7,10.6,5.7,2.5,0,23.4,16.3,8.2,4.9,2
39.9,d_19480401,31.3,19.7,7.4,3.9,1.8,0,28.8,20.9,11.2,6.4,2.9
40.9,d_19480501,33.3,22,5.9,1.5,0.3,0,25.7,17.5,9.4,5.9,3.2
46.3,d_19480601,20.9,12.3,3.5,1.4,0.4,0,32.7,21.3,9.6,6.2,3.5
45,d_19480701,19,10.7,2.6,0.8,0.1,0,35.9,23.7,9.9,5.5,3
42,d_19480801,27.7,16.3,5,2,0.5,0,30.2,19.5,7.7,4.3,1.8
39.9,d_19480901,33,22.1,9.3,4.8,1.7,0,27.2,17.9,8.2,4.7,2.4
42.8,d_19481001,31.9,21.3,8.5,4.4,1.6,0,25.4,16.5,6.8,4,2.1
36.6,d_19481101,32.6,22.4,10.4,5.7,1.9,0,30.8,21.3,10.5,6.3,2.6
37.7,d_19481201,32.9,22.8,8.9,4.1,1.3,0,29.4,20.1,9.6,5.4,2.2
41.3,d_19490101,21.3,11.9,3.8,2,0.6,0,37.3,24.5,8.6,4.1,1.4
37.7,d_19490201,19.7,12.3,3.3,1.1,0.2,0,42.6,28.7,11.2,5.4,1.6
43.7,d_19490301,22.9,13.1,3.4,1.1,0.2,0,33.4,21.4,9.2,5.2,1.7
42.7,d_19490401,30.8,19,6.4,2.8,0.9,0,26.5,16.7,6.7,3.4,0.9
45.2,d_19490501,22.8,11.6,2.4,0.8,0.2,0,32,20.3,7.3,2.8,0.5
38.1,d_19490601,17.6,9.6,2.8,1.2,0.3,0,44.3,31.6,13.1,5.9,1
34.2,d_19490701,14.3,7.5,1.7,0.6,0.1,0,51.5,37.9,18.2,10.3,3.5
39,d_19490801,18.1,11.2,3.9,1.7,0.5,0,42.6,28.6,9.4,4.2,1.2
37.3,d_19490901,24.5,15.9,7.3,4.5,1.6,0,38.3,25.1,7.6,3.2,0.7
38.7,d_19491001,28.6,19.7,7.8,3.9,1.3,0,32.6,19.1,5.9,2.2,0.5
42,d_19491101,36.1,25.2,11,5.3,1.2,0,21.8,11.5,3,1,0.2
42.2,d_19491201,36,25.6,12.1,6.5,2.2,0,21.7,12,3.1,1,0.2
42.3,d_19500101,26.2,16.1,4.9,1.9,0.4,0,31.6,20.7,8.9,4.2,1.1
38.6,d_19500201,31.5,21.1,8.4,4,1.2,0,29.9,21.1,10.6,6.9,3.4
35.8,d_19500301,35.8,23.3,7.9,3.7,1.2,0,28.3,20.2,10.3,5.7,2
34.9,d_19500401,41.3,29.8,13.4,7.1,2.4,0,23.8,16.4,8.2,4.9,2.4
34.4,d_19500501,39.8,28.3,14.2,8,3.5,0,26,19,9.9,5.9,2.5
30.4,d_19500601,41.7,30.3,16.7,9.9,3.9,0,28,21.1,11.9,7.7,4
39.7,d_19500701,31.2,20.3,8.2,4,1.2,0,29.3,20.5,9.5,5.3,1.8
36.3,d_19500801,28.8,20.1,9.4,5.2,2.2,0,34.8,26.1,15,9.9,4.9
37.3,d_19500901,25.9,17.1,7,3.7,1.3,0,37,27.5,15.7,10.7,6
40.7,d_19501001,30.4,20.3,9.8,6.1,3,0,28.9,19.3,8.1,4,0.9
41.7,d_19501101,29.5,19.9,10,6.3,3.1,0,28.9,17.9,6.6,2.8,0.5
43,d_19501201,32.1,21.9,11.2,7.2,3.7,0,25,15.3,4.6,1.7,0.6
37.9,d_19510101,32.2,22.7,10.3,6,2.7,0,29.9,19.6,7.2,3.2,0.7
31.5,d_19510201,33.9,25.7,12.6,6.9,2.9,0,34.6,24.5,11,5.1,1.2
33.9,d_19510301,29.8,21.8,11.7,6.6,3,0,36.3,24.9,10,4.6,1.1
31.8,d_19510401,40,30.4,17,10.4,4.5,0,28.1,19.2,7.1,3,0.5
32.4,d_19510501,41.4,30.9,15,7.6,1.7,0,26.2,16.4,5.5,2.2,0.5
30,d_19510601,43.2,33.6,16.6,9,2.9,0,26.9,19.1,8.6,4.5,1.4
32.2,d_19510701,38.7,29,14.6,7.8,2.5,0,29.1,20.8,10.5,6.2,2.7
38.6,d_19510801,33,23.1,10.3,5.1,1.1,0,28.4,20.8,11.4,7.4,3.6
37.5,d_19510901,32.7,20.8,7.8,3.9,1,0,29.8,20.7,10.8,7.4,4.3
36.3,d_19511001,31.9,20.8,7.8,3.7,1.2,0,31.7,23.4,12.7,8,4.3
40.6,d_19511101,28.1,18.2,7,3.3,1.1,0,31.3,22.3,11.1,6.9,2.9
35.5,d_19511201,22.2,15.7,7.3,3.9,1.4,0,42.2,30.7,13.8,8.1,3.3
32.3,d_19520101,21.7,15.7,8.1,4.8,2.2,0,46.1,34.2,16.8,9.2,3.2
31.6,d_19520201,18.1,12.3,6.5,4.3,2,0,50.3,36.4,16,8.6,3.3
28,d_19520301,18.9,13.3,7.1,4.4,1.8,0,53,39.5,17.5,8,2.1
35,d_19520401,15.9,10.2,4.5,2.4,0.7,0,49.1,35.1,13.3,5.2,0.9
42.5,d_19520501,16.9,10.7,4.3,2.3,1.1,0,40.5,26.6,9.1,3.5,0.7
34.4,d_19520601,26.7,17.4,6.1,3.1,1.1,0,38.9,27.1,10.2,4.2,1.1
35.2,d_19520701,30.1,19.6,7.5,3.6,1.1,0,34.7,23.9,9.7,4.1,0.9
37.1,d_19520801,30.2,19.9,7.6,3.7,1.3,0,32.6,22.8,8.6,3.5,0.7
36.7,d_19520901,43.9,31.8,14.5,7.7,2.5,0,19.3,11.7,3.7,1.5,0.4
32.7,d_19521001,59.7,46.3,25.6,16.1,7.3,0,7.4,3.8,0.8,0.2,0
27.5,d_19521101,60.1,46.3,26.1,17.1,8.4,0,12.4,8.2,3.4,1.3,0.1
26,d_19521201,64.3,51.7,29.6,18.6,8,0,9.8,5.9,1.4,0.4,0.1
31.5,d_19530101,61.6,46.8,25,14.9,7,0,7,3.2,0.5,0.1,0
30.8,d_19530201,62.4,48.4,25,14.8,6.9,0,6.8,2.7,0.2,0,0
33.4,d_19530301,59.7,42.5,18.9,9.9,3.1,0,7,3.6,0.9,0.3,0.1
40.2,d_19530401,49.6,34.3,16.9,10.2,4.1,0,10.2,5.4,1.5,0.3,0
38.4,d_19530501,46.2,33.7,17,10.3,4.3,0,15.2,8.8,2.8,1.2,0.2
39.5,d_19530601,39.2,28.3,14.6,8.4,3.9,0,21.3,13.1,4.8,2.3,0.8
41.9,d_19530701,26.5,16.7,5.8,2.7,1,0,31.6,21,8.4,3.8,0.9
34.7,d_19530801,33.3,22.4,9.1,4.7,1.6,0,32,23.1,11.8,6.5,2
29.9,d_19530901,43.1,33.2,18.7,10.9,4.2,0,27.1,19.6,9.5,5,1.5
32.7,d_19531001,48.6,37,19.3,10.5,3.8,0,18.7,12.3,4.6,2.2,0.6
32,d_19531101,50,39.3,21.6,13,5.1,0,17.9,11,4.1,1.8,0.5
30.7,d_19531201,50.1,39.7,24.3,16.1,8.7,0,19.1,13.2,5.8,3.4,1.4
33.3,d_19540101,50,37.7,21.9,14.6,8.5,0,16.7,11.1,4.6,2.2,0.5
27.7,d_19540201,61.1,47.7,28.5,19.1,10.8,0,11.1,7.2,2.4,1,0.3
33.8,d_19540301,57.6,44.8,25.8,17.2,9.3,0,8.6,4.5,1.1,0.5,0.1
31.5,d_19540401,60,46.7,27.7,18.8,9.8,0,8.5,5,1.5,0.6,0.2
31,d_19540501,61.3,45.7,23.3,14.5,6.7,0,7.6,3.9,1.1,0.5,0.1
36.2,d_19540601,50.8,37.4,17.4,8.9,2.9,0,13,8,3.2,1.3,0.3
32.5,d_19540701,53.3,40.7,20.7,11.2,4,0,14.3,8.9,3.5,1.9,0.6
33.8,d_19540801,49.4,37.9,19.1,10.3,3.8,0,17,11.3,5.4,3.1,1.1
28.9,d_19540901,51.2,41,25.1,17.3,9.6,0,19.9,13.2,6.1,3.7,2
29.8,d_19541001,52.8,41.5,24.8,16.6,9.5,0,17.4,12.4,6.4,4,1.9
31.6,d_19541101,52,41,24.4,16,8.6,0,16.4,10.8,5.1,3,1.5
29.9,d_19541201,57.4,44.5,25.5,16.7,8.6,0,12.6,8.7,4.3,2.6,1.4
32.1,d_19550101,57.1,45.4,25.8,16.6,7.7,0,10.7,6,2.5,1.7,1
32.8,d_19550201,54.6,42.6,25.7,16.5,8.1,0,12.7,7.8,3.2,2,1.2
31.5,d_19550301,58.9,45.6,26.6,17.7,9,0,9.7,6,3.1,2,1
31.6,d_19550401,54.8,40.8,20.9,12.2,5.1,0,13.5,9.1,4.4,2.5,1.1
35.8,d_19550501,52.4,37.4,15.8,7.2,1.8,0,12,6.3,2.1,1.2,0.5
40.7,d_19550601,50.4,34.2,13.2,6,1.5,0,9,3.9,0.6,0.1,0
43,d_19550701,49.6,32.6,11.3,4.8,1.4,0,7.4,2.7,0.4,0.1,0
48.8,d_19550801,37.5,24.5,9.4,4.5,1.5,0,13.9,6.5,1,0.2,0
48.3,d_19550901,39,24.2,8.6,3.8,1.1,0,12.7,6.2,1.4,0.5,0.2
43.5,d_19551001,39.5,26.2,10.5,5.1,1.6,0,16.9,10.1,3.2,1.4,0.5
40.7,d_19551101,43.3,28.6,10.9,5.9,2.1,0,16.1,9.6,3.8,2,0.7
37.2,d_19551201,41.3,28.6,12.3,6.9,2.3,0,21.5,15.8,9.1,5.6,1.8
32.3,d_19560101,43.1,32,15,7.8,2.6,0,24.8,18.6,10.8,6.9,1.9
32.9,d_19560201,43.3,31.7,14.6,7.5,2.4,0,23.9,17.8,11,7.1,2.3
31.1,d_19560301,46.8,35.8,19.3,12.2,5.1,0,22,16.7,10,6.6,2.5
24.1,d_19560401,55.2,43.8,26,16.4,8,0,20.7,15.7,8.2,4.9,2
21.7,d_19560501,57.5,47.3,30.9,21.1,9.6,0,20.9,16,8.1,4.4,1.1
20.7,d_19560601,60,49.8,32.7,23.8,13.9,0,19.3,15,8,4.6,1.1
25,d_19560701,55.8,44.7,27.7,19.4,10.1,0,19.2,14.9,7.4,3.6,0.9
24.1,d_19560801,55.9,44.8,27.5,19,10.3,0,20,15.1,7.8,4.2,1.6
31,d_19560901,57.4,47.5,33.4,25.1,15.3,0,11.6,7.4,3.3,1.9,0.9
26.2,d_19561001,60.6,51.2,37,28.6,17.8,0,13.2,7.9,3.4,2,0.9
24.7,d_19561101,69.3,57,40.2,31.5,20.6,0,6,3.3,1,0.4,0.1
27.4,d_19561201,67.2,54.4,36.5,26.8,16,0,5.5,2.7,0.6,0.2,0
28.1,d_19570101,65.7,52,30.2,20.3,10.7,0,6.2,3.1,0.7,0.2,0
24.2,d_19570201,68.1,55.5,33.1,21.3,9.1,0,7.7,4,0.8,0.2,0
30,d_19570301,61.9,46.7,21.2,10.8,3.6,0,8.1,4,0.7,0.1,0
41.7,d_19570401,47,33.8,15,7.9,2.6,0,11.3,4.6,0.5,0.1,0
42.1,d_19570501,30.8,20.1,7.8,3.9,1.2,0,27.2,17.3,6.6,3,0.8
36.6,d_19570601,20.6,11.1,4.1,2.1,0.6,0,42.8,30.7,15.1,8.9,3.5
36.4,d_19570701,22.7,13.4,3.9,1.8,0.4,0,40.9,30.2,16.5,10.7,4.7
36.3,d_19570801,18.3,11.7,5.1,3,1.2,0,45.3,33.6,18.8,12.2,5.7
34.8,d_19570901,15.7,10.2,4.9,3.1,1.7,0,49.6,36.7,19.3,12.5,5.7
29.2,d_19571001,13.1,8.9,4.4,2.6,1.4,0,57.6,44.5,24.8,15.6,6.5
25.1,d_19571101,12.2,8.3,3.6,1.7,0.5,0,62.4,50.3,29.9,20,10.2
29.7,d_19571201,9,3.9,0.7,0.2,0,0,61.2,48.1,28,18.2,9
35.5,d_19580101,8.9,3.8,0.6,0.1,0,0,55.6,40.2,17.2,8.6,2.7
43,d_19580201,12.2,5.6,0.7,0.1,0,0,44.9,28.7,9.7,4.2,0.9
43.5,d_19580301,16.7,9.5,2.8,1.1,0.2,0,39.8,25.6,10,4.5,1.1
34.1,d_19580401,15.3,10.3,3.9,1.7,0.4,0,50.6,36.1,14.2,6.3,1.4
30.5,d_19580501,21.1,15.6,8.3,4.7,1.4,0,48.4,34.6,14.6,7,1.9
32.5,d_19580601,17,12.1,6.5,3.8,1.4,0,50.6,35.1,13.7,6.5,1.4
31.7,d_19580701,14.2,9.5,4.8,2.8,1.1,0,54.1,38.2,14.9,6.8,1.4
34.5,d_19580801,20.9,14.4,7.6,4.9,2.5,0,44.7,31.1,13,6.5,1.8
33.4,d_19580901,19.3,14.2,8.3,5.3,2.8,0,47.2,34.5,14.8,7.2,2.4
35.6,d_19581001,22.3,15.9,8.9,5.5,2.5,0,42.1,29.6,13.3,7.1,2.7
39.4,d_19581101,22,15.4,7.4,4.2,1.8,0,38.6,26.3,10.1,4.5,1.4
45.5,d_19581201,28.7,18.8,8.9,5.8,3.3,0,25.8,14.9,4.2,1.7,0.4
39.8,d_19590101,38.2,26.1,11.9,7.8,4.2,0,22.2,13.2,4.2,1.7,0.2
43.6,d_19590201,30.6,19.7,8.2,3.9,1.2,0,25.8,16,6.1,2.9,0.8
41,d_19590301,37.2,25.6,11.5,6.5,2.4,0,21.9,12.9,3.5,1,0.1
33,d_19590401,54.3,41.2,21.1,12.8,7.5,0,12.6,7.3,2.1,0.6,0.1
33.2,d_19590501,50.1,35.5,14,6.5,2.4,0,16.8,9.9,3.2,1.5,0.3
32.5,d_19590601,54.9,41.2,17.4,7.8,2.7,0,12.5,7.1,2.5,1.4,0.6
37.4,d_19590701,48,34.3,14.1,6.8,2.4,0,14.6,8.3,2.6,1.4,0.6
38.4,d_19590801,45.5,31.4,12.3,5.8,1.6,0,16.1,9.1,2.7,1.3,0.5
44.7,d_19590901,32,19.4,6.2,2.2,0.5,0,23.3,15.3,5.6,2.3,0.6
43.6,d_19591001,23.4,13.5,3.8,1.4,0.3,0,33,22.9,10.8,6.2,2.3
40.2,d_19591101,29.4,20.6,11.3,8.1,5.4,0,30.4,20.6,8.6,4.6,1.9
39.1,d_19591201,25.9,17.6,9.3,6.5,3.9,0,35,23.6,9,4.2,1.1
40.1,d_19600101,21.8,14.4,6.1,2.8,0.9,0,38,26.1,11,5.5,1.4
39.5,d_19600201,21.3,12.4,3.1,1,0.2,0,39.2,28,11.9,6,2
42.5,d_19600301,20.7,11.9,3.3,1.2,0.3,0,36.9,25.1,11.1,6,2.3
41.4,d_19600401,22.1,12,3.2,1.1,0.2,0,36.3,25,11.2,6.1,2
40.4,d_19600501,24.5,15.1,5,2.3,0.7,0,35.1,24.6,10.9,5.4,1.5
40.4,d_19600601,29.4,20,9,5.5,2.2,0,30.3,20,8.6,5,1.7
40.3,d_19600701,41,28.1,12.3,6.8,2.8,0,18.8,11.7,4.8,2.1,0.7
43.8,d_19600801,35.5,22.9,9.3,5.1,2.1,0,20.8,12.7,4.9,2.5,1.1
38.6,d_19600901,40.8,29.5,14.3,7.7,2.9,0,20.5,12.5,4,2.1,0.9
40.2,d_19601001,39.2,27.1,12.4,6.8,2.6,0,20.5,12.5,4.7,2.7,1.2
38.8,d_19601101,43.4,30.3,13.6,7.3,2.6,0,17.8,11.2,4.7,2.4,0.9
40,d_19601201,43.9,30.8,13.2,6.7,2.1,0,16.1,9.6,4.1,2.3,0.9
36.9,d_19610101,48.4,36.2,17.9,10.7,4.6,0,14.7,9.4,4.4,2.6,0.9
34.6,d_19610201,47.6,35.7,17.6,10.5,4.3,0,17.7,11.3,6.3,4.2,1.9
34,d_19610301,41.4,29.7,14,7.9,3.1,0,24.6,17.4,7.7,4.5,1.7
42.2,d_19610401,37,25.4,9.3,4.3,1.2,0,20.8,12.9,4.3,1.5,0.3
44.6,d_19610501,35,25.3,11.7,6.1,1.7,0,20.5,10.5,1.9,0.4,0.1
37.6,d_19610601,37.3,27.9,14.6,8.5,3.2,0,25.2,15.2,3.8,0.8,0.1
39.3,d_19610701,36.7,26.3,12.5,6.7,2.2,0,24.2,14,3.3,0.8,0.1
35.2,d_19610801,35.8,28.3,15.6,8.9,3.7,0,29.1,17.7,4.8,1.6,0.2
40.4,d_19610901,27,17.4,5.8,2.4,0.5,0,32.7,21.5,8.4,3.4,0.8
39.7,d_19611001,22.3,14.5,5.9,3.1,1.1,0,38.1,25.3,9.9,4.9,1.1
44.8,d_19611101,20.6,11.8,3.9,2,0.8,0,34.6,21.7,7,3.2,0.8
47.9,d_19611201,21.6,11.7,3.7,1.9,0.8,0,30.7,17.9,5.4,2.1,0.5
40.9,d_19620101,24.6,14.8,4.4,2.2,1,0,34.5,22.3,8.8,4.4,1.4
37.1,d_19620201,21.3,12.6,4.8,2.4,1.1,0,41.7,30,13.8,7,2.3
42.3,d_19620301,18.8,11.2,3.6,1.5,0.6,0,38.9,26.7,11.5,6.4,2.2
44.3,d_19620401,24.6,14.4,4.6,1.7,0.3,0,31.1,20.5,7.7,3.4,0.8
39.2,d_19620501,24.7,15.6,5.9,2.9,1.1,0,36,25.2,11.3,6.3,2.2
45,d_19620601,25.9,14.9,4.1,1.3,0.2,0,29.2,18.3,6,2.5,0.6
38.5,d_19620701,26.2,15.5,4.1,1.3,0.2,0,35.4,24.9,10.9,5.7,2.4
37,d_19620801,34,23.3,11.1,5.5,1.4,0,29.1,20,8.6,4.6,2.1
38.9,d_19620901,33.5,21.2,7.2,3,0.8,0,27.6,17.9,7.1,3.7,1.7
38.5,d_19621001,31.3,20,7.2,3.3,0.9,0,30.1,20.6,8,3.8,1.2
37,d_19621101,37.8,26.9,13,7.7,3.2,0,25.1,16.1,5.7,2.5,0.7
37.5,d_19621201,41,29.1,13.3,8.1,4.1,0,21.6,13.3,4.8,2.2,0.7
35.1,d_19630101,43.1,31.6,15.3,8.6,3.5,0,21.8,15.1,6.9,4,1.8
37.5,d_19630201,43.6,32.2,15.3,8.4,3.5,0,18.9,11.4,3.6,1.6,0.3
42.1,d_19630301,43.9,31.5,15.6,9.2,3.6,0,14.1,7.5,2,0.9,0.3
36.1,d_19630401,52.3,38.2,16.6,8.7,3.1,0,11.6,5.8,1.2,0.3,0
36.7,d_19630501,50.1,36.3,16.9,9.5,3.3,0,13.3,5.6,0.9,0.2,0
31,d_19630601,52.5,40.8,21.6,12.2,4.1,0,16.2,10.2,3.1,1.2,0.2
32.2,d_19630701,54.7,42.6,22.1,12.3,4.2,0,13.1,7.8,2,0.6,0
34.8,d_19630801,51.5,38.2,18.9,10.8,4,0,13.6,7.7,2,0.7,0.1
35.9,d_19630901,45.3,34.2,18.8,11.6,4.3,0,18.8,11.6,4.7,2.2,0.6
30.4,d_19631001,48.8,38.6,23.2,16,8.2,0,20.8,13.8,5.3,2.7,0.7
32.4,d_19631101,45.4,33.3,16.2,8.9,3.2,0,22.3,15.8,8.1,4.6,1.1
32,d_19631201,48.8,38.3,22.7,15,7.6,0,19.3,11.9,4.2,2.4,0.8
38.6,d_19640101,46.9,35.9,19.3,12,6.2,0,14.6,8.1,2.5,1,0.1
37,d_19640201,48.6,36,19.4,12.6,6.1,0,14.4,7.7,1.6,0.4,0
37.6,d_19640301,53.1,35.7,13,6,1.8,0,9.2,4.5,0.5,0.1,0
43.5,d_19640401,41.9,26.7,9.2,3.9,0.9,0,14.4,8.1,1.8,0.5,0
40,d_19640501,47.7,30.5,9.8,4.3,1.1,0,12.4,7.1,2.3,0.7,0.1
35.5,d_19640601,47.7,31.9,10.5,4.2,1,0,16.8,10.6,3.1,0.9,0.2
40,d_19640701,39.4,26.6,9.9,4.4,1.3,0,20.8,13.3,6.3,3.9,1.5
35.1,d_19640801,42.3,30.6,15.9,9.5,3.6,0,22.7,14.7,7.2,4.6,2
39.6,d_19640901,33.5,24.1,11.1,5.8,1.7,0,26.9,17.4,7.6,4.6,2.1
36.5,d_19641001,42.5,31.1,17,10.1,4.3,0,21,14.2,7.1,4.4,2
40.7,d_19641101,32.2,22.7,11.5,7,3.2,0,26.8,16.9,7.2,4.1,1.3
30.2,d_19641201,33.2,24.3,12.1,7.2,3.1,0,36.6,27.4,14.9,9.4,4
31.9,d_19650101,37.7,29,15.9,10.2,4.8,0,30.5,22.4,12.7,8.3,3.8
35.7,d_19650201,31.6,23.6,13.5,9,4.2,0,32.7,23,11.4,7.3,3.3
35.9,d_19650301,36,27.3,16,10.1,4.8,0,28.1,18,7.4,4.2,2
40.2,d_19650401,29.3,21,11.9,8.4,4.7,0,30.5,19.7,7.6,3.6,0.7
44.1,d_19650501,27.5,17.1,7.4,5,3.1,0,28.4,17.4,5.7,2.3,0.4
42.3,d_19650601,23.7,14.7,6.2,4.1,2.2,0,33.8,21.4,7.7,3.6,0.9
37.4,d_19650701,18.8,11.7,5.5,4,2.5,0,43.9,31.6,14.1,7.1,1.7
37.1,d_19650801,18.8,11.4,4.7,3,1.3,0,44.2,32.7,16.2,8.6,2.9
34.9,d_19650901,18.9,11.7,5.6,3.4,1.9,0,46.3,35.6,18,9.8,2.8
36.6,d_19651001,24.8,16.7,7.6,4.7,2.4,0,38.8,28.1,12.5,6.2,1.4
30.8,d_19651101,26.8,18.7,8.6,4.7,1.7,0,42.5,31.7,15.3,8.2,2.2
25.4,d_19651201,27.7,20.3,10.6,6.9,3.6,0,46.7,37.8,20.9,12.5,5.5
33.1,d_19660101,23.8,16.3,8.4,5.1,2.1,0,43.2,32.8,15.5,8.3,2.5
35.3,d_19660201,22.4,14.1,5.2,2.1,0.7,0,42.3,31,13.6,6.5,2.4
40.9,d_19660301,29.3,19.2,8.2,4.4,1.4,0,29.6,19.7,7.5,3.9,1.3
43.2,d_19660401,30.3,19.5,8.3,4.3,1.6,0,26.5,16.1,6.5,3.7,1.4
35.9,d_19660501,43.9,32,16.4,9.8,4.1,0,20.1,12.5,4.4,2.2,0.8
28.7,d_19660601,59.5,48.5,30.6,20.9,9.8,0,11.8,7,2,0.9,0.3
31.4,d_19660701,55.2,43.5,25.7,16.4,7.3,0,13.3,8.4,3.1,1.4,0.4
31.2,d_19660801,50.9,40.3,23.5,14.9,6.8,0,17.8,11.1,4.1,2.1,0.8
32.5,d_19660901,52.8,40.4,22.4,13.6,5.8,0,14.7,8.5,2.5,0.8,0.1
31.8,d_19661001,56.5,43.6,24.7,15.1,7,0,11.5,5.8,1,0.2,0
35.7,d_19661101,56.4,42.3,20.6,11.3,4,0,8,3.2,0.5,0.1,0
47.3,d_19661201,41.5,27.9,11.2,5.6,1.7,0,11.3,5,0.9,0.2,0
42,d_19670101,43.4,29,11.4,5.4,1.6,0,14.5,7.6,1.4,0.4,0.1
44.5,d_19670201,41.7,28.5,11.2,5,1.3,0,13.8,6.7,1.2,0.3,0
41.9,d_19670301,43,29.3,11.4,4.9,1.3,0,15.1,7.5,1.6,0.5,0.1
38.6,d_19670401,39.3,27,9.3,4,1.2,0,22,13.1,3.1,1,0.1
40.1,d_19670501,42.6,30.8,15.7,9.3,3.7,0,17.4,9.5,1.8,0.5,0
37.9,d_19670601,35,24.8,11.5,6.5,2.7,0,27.1,17.4,6.6,3.1,0.9
41.2,d_19670701,29.5,19.4,8.1,4,1.1,0,29.3,19.3,7.3,3.2,0.9
46.8,d_19670801,26.4,16,5,2,0.5,0,26.8,16.3,5.1,2.1,0.5
47.5,d_19670901,27.8,16,4.3,1.8,0.4,0,24.7,14.3,4.5,1.8,0.4
49,d_19671001,25.5,14.5,4.3,1.9,0.5,0,25.5,14.7,4.1,1.5,0.3
43.9,d_19671101,25.4,16.2,5.8,2.8,0.7,0,30.7,19.3,7,3,0.5
41,d_19671201,18.3,11,3.6,1.5,0.4,0,40.9,27.7,11.9,5.5,1.3
42.2,d_19680101,20.9,12.9,6,3.8,1.9,0,36.8,23.8,8.8,4.3,1.3
42.3,d_19680201,24.5,15.6,6.8,3.8,1.4,0,33.3,21,7.7,3.4,1
40.9,d_19680301,38.1,27.2,14.5,9.5,5.3,0,21,13.1,5,2.4,1
43.2,d_19680401,38.5,26.2,11.5,6,2.2,0,18.2,11,4,2.1,1.1
44.7,d_19680501,33,21.4,9.6,5,1.4,0,22.4,13.7,5.8,3.1,1.2
42.7,d_19680601,31.7,20.6,8.5,4.1,1.1,0,25.6,16.4,6.4,2.7,0.7
40.1,d_19680701,31.6,20.3,7.8,4,1.4,0,28.3,18.2,6.2,2.5,0.6
38.2,d_19680801,25,15.3,5.1,2.1,0.4,0,36.8,26.1,10.4,4.3,0.9
36.3,d_19680901,34.7,23.8,9.7,5.2,2.2,0,29,19.4,8.4,4.2,1.2
40.5,d_19681001,32.3,20.3,7.8,4.1,1.6,0,27.3,17.2,7.2,3.8,1.2
47.9,d_19681101,20.2,11,3.3,1.4,0.3,0,32.1,20.3,7.5,3.6,1.1
44.4,d_19681201,16.4,9,2.2,0.8,0.1,0,39.1,25.7,10,5.3,2
34.7,d_19690101,15.5,8.8,2.6,0.9,0.1,0,49.7,37.9,18.3,10.1,4.1
32.2,d_19690201,18.4,11.4,3.7,1.3,0.2,0,49.4,38.6,20.9,12.4,5.8
38.7,d_19690301,19.2,11.6,4,1.5,0.3,0,42.3,29.9,12.8,6.9,2.9
38.1,d_19690401,19.7,11.5,2.8,0.9,0.1,0,42.1,29.7,13.3,7,2.8
46,d_19690501,22.1,14.3,6.1,3.2,0.8,0,32,19.7,6.9,3.6,1.4
43.8,d_19690601,14.3,7.9,3.1,1.5,0.4,0,41.8,26.4,8.3,3.8,1.3
43,d_19690701,11,5.8,1.9,1,0.3,0,46,30.8,11.5,5.4,1.6
48.8,d_19690801,15.6,8.1,2.4,1,0.2,0,35.5,21.4,7.7,3.8,1.3
47.8,d_19690901,22.8,13.6,4.4,2.1,0.5,0,29.3,18.6,7.7,4.3,1.6
42.5,d_19691001,27.4,17,6.1,2.7,0.8,0,30.1,19.5,6.8,3.1,0.9
42.1,d_19691101,34.3,22.1,8,3.7,1.1,0,23.5,14.6,5.3,2.5,0.7
48.5,d_19691201,20.9,10.7,2.5,0.7,0.1,0,30.7,18.5,6.1,2.8,0.9
46,d_19700101,24.1,13.4,3.2,1.1,0.1,0,29.9,19.5,7.4,3.2,1
46.2,d_19700201,24.6,14.6,4.3,1.9,0.6,0,29.2,17.9,6,2.5,0.6
44.3,d_19700301,30.6,17.9,5.4,2,0.4,0,25.2,14.8,5,2.4,0.9
45.8,d_19700401,29.9,19.5,7.7,3.8,1,0,24.4,13.5,4.4,1.7,0.5
49.1,d_19700501,26.2,15.1,4,1.4,0.3,0,24.8,14.3,4.1,1.6,0.4
48.2,d_19700601,24.8,15.2,4.4,1.7,0.3,0,27,15.7,3.9,1.2,0.1
45.1,d_19700701,35.7,21.9,6.5,2.6,0.8,0,19.2,10.2,2.5,0.9,0.1
42.8,d_19700801,35.5,20.7,5.7,2.4,0.7,0,21.7,12.5,3.2,1.1,0.3
47.6,d_19700901,31.5,18.5,5.3,2.2,0.7,0,20.8,12.1,4.4,2.1,0.6
48.4,d_19701001,25.4,14.8,4.6,1.8,0.6,0,26.3,14.7,4.2,1.8,0.6
47.2,d_19701101,19.4,10.5,2.8,1.1,0.3,0,33.4,19.5,5.7,2.4,0.8
43.9,d_19701201,24.5,15.2,5.8,3,1.1,0,31.5,19.9,6.4,2.8,1
41,d_19710101,30.8,19.7,8,4.2,1.9,0,28.4,17.6,5.9,3.1,1.1
44.5,d_19710201,24.1,15.9,6.6,3.5,1,0,31.5,20,7,3,0.9
41,d_19710301,30.4,20.3,8.8,4.7,1.6,0,28.6,18.4,6.6,2.7,0.8
39,d_19710401,32.2,22,9.4,4.7,1.4,0,28.8,17.8,5,2,0.6
37.8,d_19710501,29.1,20.3,9.5,5,1.6,0,33.3,22.5,9,4.3,1.3
31.5,d_19710601,40.5,32.1,19.5,12.3,5.1,0,27.9,19.2,7.6,3,0.7
34.7,d_19710701,42.5,33.5,19.6,12.4,5.8,0,22.8,14.8,5.2,1.7,0.3
38.4,d_19710801,42,29.5,13,6.6,2,0,19.5,12.6,4.4,1.6,0.2
40.6,d_19710901,35.7,25.3,11.2,5.4,1.4,0,23.7,14.9,5.5,2.1,0.2
42.7,d_19711001,26.7,18.1,7.7,3.4,0.8,0,30.5,19.7,7,3.3,1.1
39.8,d_19711101,30.5,20.6,9.6,5.3,2,0,29.7,19.1,7,3.3,1.1
44.5,d_19711201,17.4,9.8,2.8,1.1,0.2,0,38.1,23.5,7.9,3.4,0.9
43.5,d_19720101,15.8,7.9,1.9,0.7,0.1,0,40.6,25.9,8.6,3.5,1.1
42,d_19720201,21.7,12.5,3.5,1,0.1,0,36.2,24.3,9.4,4.1,1.3
40.9,d_19720301,22.4,13.3,4.9,2.2,0.5,0,36.8,24.4,9.6,4.7,1.2
43.8,d_19720401,23.8,14,5,2.1,0.5,0,32.5,21.7,9.7,5.1,1.7
41.2,d_19720501,25.2,16.7,8.6,4.8,1.6,0,33.3,22.4,11,6.6,3
37.8,d_19720601,28.9,18.2,6.7,3.3,1.1,0,33.3,23.5,11,6,2
38.5,d_19720701,33.8,23.9,11.9,7.1,3.2,0,27.6,18.8,9,5,1.5
37.8,d_19720801,30.3,21.4,10.8,6.6,2.8,0,31.7,21.3,9.3,4.8,1.9
35.8,d_19720901,34.1,26.2,17,12.3,7.3,0,30.1,20.1,8.4,4.2,1.6
43.3,d_19721001,24.7,14.4,4.8,2.5,1,0,32,21.4,8.6,3.9,1.1
47.1,d_19721101,13.3,6.1,1.5,0.7,0.1,0,39.6,26.2,11,5.3,1.5
40.6,d_19721201,9.4,4.2,1,0.3,0,0,49.9,35.2,16.8,9,2.8
36.2,d_19730101,8.1,4,0.9,0.2,0,0,55.7,40.7,19.2,10.4,3.4
33.3,d_19730201,11.7,7.2,2.5,0.8,0.1,0,54.9,41.5,22,12.8,4.3
25.1,d_19730301,10.1,6.9,2.4,0.8,0.1,0,64.8,52.5,32.9,22.1,9.1
17.4,d_19730401,10.4,8,3.7,1.6,0.3,0,72.2,61.2,39.8,27,12.4
17.2,d_19730501,14.1,10.7,5.5,2.9,0.9,0,68.7,60.1,40.7,27.6,12.7
19.3,d_19730601,14.8,11.7,7.2,4.4,1.6,0,65.9,57.1,39.5,26.4,11.4
20.5,d_19730701,14.5,11.4,7.2,5.2,2.1,0,65.1,53.8,32.3,19.4,7
32,d_19730801,15.8,11.5,6.9,4.4,1.8,0,52.1,38.9,19.6,10.2,2.8
33.1,d_19730901,15.1,11,7.5,5.6,3,0,52.1,39.3,20.3,12.1,4.6
35,d_19731001,16.1,11.1,5.9,3.7,2,0,49,35.9,18.5,11.8,5.5
34.7,d_19731101,11,5.9,1.4,0.6,0.2,0,54.4,42,24,15.9,7.7
27.6,d_19731201,18.5,13.6,7.4,4.3,1.5,0,54,41.4,20.9,11.7,3.5
29.9,d_19740101,17.6,11.4,4.1,1.8,0.4,0,52.6,40,21.7,12.6,4.3
31.4,d_19740201,20.3,14.2,6.8,3.8,1.5,0,48.3,37.2,20.8,12.5,4.6
30.8,d_19740301,19.6,13.4,6.7,4.1,1.6,0,49.7,38.6,22.2,13.9,6.5
29.5,d_19740401,20.4,15.1,9,6.2,3,0,50.1,38.7,20.9,13.1,6.3
25.7,d_19740501,21,16,9.1,5.9,2.7,0,53.4,42.6,26.5,17.4,8.2
32.1,d_19740601,28.8,21.9,11.6,7.3,3,0,39.1,29.5,16.8,10.8,4.8
34.7,d_19740701,32.7,23.8,11.8,6.6,2.5,0,32.6,24.4,13.6,8.4,3.9
34,d_19740801,30.8,21.8,9.3,4.5,1.6,0,35.2,25.3,12.2,6.3,2
33.4,d_19740901,33.4,26.1,14.5,8.8,3.6,0,33.3,22.3,9,4.2,1.2
42,d_19741001,34.4,25,12.1,6.5,2.1,0,23.3,14.2,5.1,2,0.3
39.8,d_19741101,33,23.6,11.4,5.6,1.6,0,27.3,17.8,7.2,3.3,0.6
38.4,d_19741201,34.9,26.2,13.8,7.8,2.6,0,26.6,17.5,7.8,3.8,0.7
36.1,d_19750101,33.7,25.3,12.6,6.9,2,0,30.2,19.9,8,4,0.8
42.2,d_19750201,29,19.7,9.3,5.4,2.2,0,28.7,19.9,10,6,2.4
40.1,d_19750301,19.7,13.1,4.9,2.3,0.5,0,40.1,28.7,14.7,8.4,3.3
38.1,d_19750401,14,8.7,3.7,1.9,0.6,0,48,36,19.7,11.7,4.8
42.9,d_19750501,12.9,6.6,2.1,0.8,0.1,0,44,31.2,14,6.8,2
41.6,d_19750601,7.2,3.2,0.7,0.2,0,0,51.2,32.6,11.3,5.1,1.2
39.4,d_19750701,10.9,4.7,0.6,0.1,0,0,49.8,34.7,14.4,7.3,2.1
33.7,d_19750801,12.6,7.1,1.6,0.3,0,0,53.6,39.1,17.3,9.2,3.5
35.7,d_19750901,11.5,6,1.2,0.3,0,0,52.8,38.2,19.3,11.3,4.3
33.5,d_19751001,16.4,8.9,1.9,0.4,0,0,50.1,39.4,22.3,13.2,5.2
41.4,d_19751101,12.9,5.8,0.8,0.1,0,0,45.5,33.2,16.8,9.7,3.9
43.2,d_19751201,21.5,11.2,2.3,0.6,0.1,0,35.3,24.5,11.4,6.4,2.8
38.8,d_19760101,29.4,19.2,8,4.5,2.2,0,31.8,22.6,10.7,6.3,2.1
41.8,d_19760201,29.7,18,5.5,2.6,0.9,0,28.4,19.8,9.7,5.8,2
35.6,d_19760301,37.4,25.2,10.7,5.7,2.2,0,27.1,19.1,9.2,5.3,2
38.8,d_19760401,36.7,24.1,8,3.7,1.2,0,24.6,16.3,7.6,4.4,1.9
46,d_19760501,34,22.1,7.7,3.7,1.5,0,20,12.4,5.3,2.7,0.9
43.5,d_19760601,37.8,24.3,9.5,5.3,2.1,0,18.8,11.7,4.9,2.4,0.7
45.3,d_19760701,35.6,23.4,10,5.7,3.1,0,18.8,10.6,4.1,2.6,1.1
38.4,d_19760801,45,31.6,15,9.1,4.5,0,16.6,9.8,4.4,2.7,1.6
40.8,d_19760901,39.5,27.6,14.5,9.3,4.5,0,19.7,11.7,3.9,2.3,1.1
41.3,d_19761001,35.1,24.2,12.5,8.4,5,0,23.7,15.6,7.8,4.6,1.8
33.1,d_19761101,46.3,34.5,19.6,13.1,7.4,0,20.5,13.7,6.1,3.4,1.2
27,d_19761201,54.5,43.8,28.4,21.3,14.6,0,18.5,12.7,5.8,3.3,1.5
26.9,d_19770101,55.6,47.3,34.7,27.7,19.6,0,17.4,11.6,5.2,3.1,1
25.9,d_19770201,61.8,52.9,38.9,31.5,22.9,0,12.3,7.6,2.6,1.4,0.4
26.7,d_19770301,59.7,49.8,34.4,26.7,18.4,0,13.7,8.9,3.4,1.9,0.6
27.6,d_19770401,59.2,51.3,37.2,29.5,19.9,0,13.2,7.7,1.7,0.5,0
32.3,d_19770501,52.6,44.3,29.6,22.1,14.3,0,15,8.1,2.9,1.4,0.3
35.8,d_19770601,54.9,44.3,29.2,22.5,16,0,9.3,4.8,1.5,0.6,0.1
32.8,d_19770701,59.9,47.1,28.9,20.7,13.2,0,7.5,3.6,1,0.5,0.2
49.2,d_19770801,32.4,24.8,14.9,10.4,5.2,3.5,14.8,9.4,3.6,1.8,0.7
42.1,d_19770901,30.8,19.2,7.5,3.1,0.8,0,26.9,17.3,6.6,3.1,1
40.1,d_19771001,28.6,16.8,5.3,2.2,0.6,0,31.4,21.7,8.6,4,1
41.8,d_19771101,17.3,8.8,2.1,0.8,0.2,0,40.9,29.6,14,7.7,2.6
39.4,d_19771201,16.3,8.8,2.5,0.8,0.1,0,44.3,31,11.5,5.1,1.4
30.6,d_19780101,12.3,8.3,4,2.4,1,0,57.1,43.5,20.7,10.3,3.1
31.2,d_19780201,12.1,7.5,2.9,1.2,0.2,0,56.5,41.4,19.4,11.2,4.1
27.5,d_19780301,12.5,8.5,3.8,2,0.6,0,60.1,46.8,23.3,13.4,5.7
24.2,d_19780401,15.6,11.1,5,2.4,0.8,0,60.2,49.1,31.1,20.3,10
28.2,d_19780501,13.7,9.2,3.1,1,0.2,0,58.2,45.7,26.3,16.7,7.6
42.1,d_19780601,12.9,7.1,2.1,0.5,0,0,45.1,32.8,16.7,9.5,3.5
39,d_19780701,14.8,7.9,1.9,0.4,0.1,0,46.3,34.5,17.7,9.9,4
38.7,d_19780801,18.3,10.4,3.2,1.2,0.2,0,43.1,31.7,16.4,9.2,3.7
39.3,d_19780901,21.1,12,2.8,0.9,0.2,0,39.7,29.6,15.5,9.1,4
38.1,d_19781001,34.1,23,9.5,4.3,1,0,28,19.6,9.4,5.8,2.3
42.2,d_19781101,26.7,16,4.6,1.8,0.2,0,30.9,22,10.7,6,2
43.3,d_19781201,23.9,13.6,3.7,1.1,0.1,0,32.8,22.3,10.1,5.2,1.6
40.4,d_19790101,19,11.2,3,1,0.1,0,40.6,29,13.9,7.8,2.5
43.2,d_19790201,20.1,11.2,2.4,0.6,0.1,0,36.7,24.8,10.3,4.8,1
40.2,d_19790301,14.8,7.8,1.6,0.4,0.1,0,45,31.7,14.9,7.4,2
37.8,d_19790401,12.9,7.2,1.7,0.6,0.1,0,49.2,35.6,15.9,7.8,1.8
35.5,d_19790501,14,8.7,3.6,1.8,0.6,0,50.6,35.8,17.4,9.6,2.5
37.4,d_19790601,18.3,11.8,5.1,2.9,1.1,0,44.2,31.9,16.5,9.8,3.3
31.7,d_19790701,11.9,6.9,2.4,1.2,0.4,0,56.2,44.1,23.9,14.3,4.8
33.5,d_19790801,10.5,5.9,2,0.8,0.2,0,56.1,43,22.4,13,4.5
36.6,d_19790901,17.2,10.4,3.7,1.5,0.2,0,46.2,35.1,20.8,13.7,6.4
38.8,d_19791001,20.7,12.4,4.5,2.1,0.4,0,40.4,28,13.2,7.3,2.7
38.5,d_19791101,22.6,14.6,6.4,3.8,1.3,0,38.9,27.1,12.5,7.7,3.2
38.4,d_19791201,30.2,21.4,9.8,5.3,1.7,0,31.5,20.7,9.3,5.3,2.1
44.4,d_19800101,21.7,14.2,6.2,3.5,1.4,0,33.9,20.5,6.8,2.9,0.6
44.9,d_19800201,23.8,15.2,6.3,3.4,1.5,0,31.4,20,6.8,2.8,0.7
37,d_19800301,20.2,12.4,4.2,2.1,0.9,0,42.7,29.8,12.2,5.6,1.5
32,d_19800401,27.7,20.2,10.7,6.6,3.1,0,40.4,27.1,9.8,4.5,1.1
27.7,d_19800501,31.6,24.7,15.2,10.5,5.7,0,40.6,29.3,12.3,6.1,1.5
35.5,d_19800601,30.6,21.7,10.6,6.5,2.8,0,34,24.3,10.4,4.6,0.9
31.4,d_19800701,38.8,29.2,16.7,10.5,4.7,0,29.7,20.8,9.7,5,1
32.5,d_19800801,37.7,27.5,13.1,7,2,0,30,21.3,9.1,4.5,1
31.2,d_19800901,31.9,23,10.5,5.7,1.7,0,36.9,27.9,15,8.5,2.9
34.7,d_19801001,35.3,23.2,8.1,3.4,0.8,0,29.9,20.4,8.7,3.3,0.6
38.1,d_19801101,38.4,26.5,10.4,4.5,1.3,0,23.4,14.7,5.2,2.3,0.4
30.5,d_19801201,53,40.9,21.4,12,4.4,0,16.6,10.1,2.7,0.8,0.1
25.6,d_19810101,60.2,49.2,30,20.1,9.5,0,14.3,8.3,2.1,0.7,0.1
25,d_19810201,63.2,53.4,34.5,24.3,12.9,0,11.9,6.7,2.2,1,0.3
29.4,d_19810301,58.7,46.5,26.5,16.3,6.9,0,12,7.2,2,0.8,0.3
27.9,d_19810401,56.1,44.1,23.6,13.7,5.3,0,16,11.4,5.7,3.5,1.3
35.4,d_19810501,48.2,33.5,12,5.7,1.6,0,16.3,10.8,5.3,3.3,1.1
40.8,d_19810601,44.9,28.4,9.9,4.4,0.8,0,14.3,7.9,2.4,0.7,0.1
43.3,d_19810701,37.3,24.4,10.5,5.2,1.4,0,19.3,11.4,4.4,1.9,0.3
45.4,d_19810801,29.9,20.2,10,5.3,1.7,0,24.7,15.3,6.2,3.1,0.9
46.1,d_19810901,27.6,17.6,5.4,2.1,0.5,0,26.3,15.5,4.9,2.1,0.3
40.6,d_19811001,14,6.7,1.3,0.5,0.1,0,45.3,30.8,12.1,5.3,1.1
33.7,d_19811101,17.9,11.9,4.3,1.8,0.6,0,48.4,33.5,13.3,5.6,0.8
38.9,d_19811201,16.6,9.2,2.7,0.9,0.2,0,44.6,31.2,13.6,6.9,1.9
38.9,d_19820101,10.1,4.7,1.1,0.4,0.1,0,51.2,36.1,16.1,7.5,1.8
41,d_19820201,14.7,6.9,1.2,0.4,0.1,0,44.5,30.8,11.8,4.9,0.8
40.8,d_19820301,14.8,8.1,1.9,0.6,0.1,0,44.5,31,12.2,5.3,1.1
48.2,d_19820401,17.4,9.4,3,1.4,0.5,0,34.6,23,9.6,5,1.1
46.5,d_19820501,13.2,6.7,1.5,0.4,0.1,0,40.3,27.4,10.9,5.1,1.2
45.4,d_19820601,8.9,3.5,0.2,0,0,0,45.6,31.4,13.8,6.8,1.8
41.7,d_19820701,16.4,8.5,1.6,0.4,0,0,41.8,28.6,11.9,5.5,1.1
43.5,d_19820801,12.6,6.2,1.2,0.3,0.1,0,43.9,28.3,10.4,4.3,0.8
40.9,d_19820901,11.6,5.1,0.8,0.2,0,0,47.4,32.5,12.5,5.8,1.2
37.1,d_19821001,17.1,9.3,1.8,0.4,0,0,45.9,32.3,14.7,8,2.8
39.8,d_19821101,11.5,5.4,0.7,0.2,0,0,48.7,35.7,18.2,10.8,5.3
30.5,d_19821201,7.7,3.7,0.6,0.1,0,0,61.8,46.9,23.1,12,4
31.6,d_19830101,7.6,3.8,0.8,0.2,0,0,60.8,46.2,23.2,13,4.8
31,d_19830201,10.1,4.9,0.9,0.1,0,0,58.9,45.7,24.3,14,5.6
25.2,d_19830301,11.3,6.3,2.4,0.9,0.2,0,63.5,53.5,35.7,24.8,12.9
24.6,d_19830401,9.8,4.7,0.4,0,0,0,65.6,54.6,34,23,12.3
25.4,d_19830501,4.9,2,0.3,0.1,0,0,69.8,56.5,33.7,21.7,11.1
25.4,d_19830601,6.3,3.5,1.1,0.4,0.1,0,68.4,54.6,29.2,17.5,8.5
30.7,d_19830701,8.5,4.9,1.5,0.5,0.1,0,60.8,47.4,25.3,14.9,6
32.5,d_19830801,14.8,8.4,2.4,0.7,0.1,0,52.6,41.9,25.5,16.4,6.8
29.4,d_19830901,25.7,17,6.2,2.6,0.6,0,45,36.9,24.1,16,6.1
35.1,d_19831001,16.4,9.4,2.5,0.9,0.1,0,48.5,38.1,24.4,16.5,7.1
30.1,d_19831101,12,7,2.1,0.6,0.1,0,58,46.2,30.8,22.4,12.3
28.5,d_19831201,14.2,8.7,3,1,0.1,0,57.3,46.4,29.5,19.6,9.8
39.5,d_19840101,14.4,8,2.3,0.7,0.1,0,46.1,31.6,14.6,8.7,4.1
43.3,d_19840201,16.8,9.3,2.9,1,0.1,0,39.9,27.1,12.3,7.7,3.9
44.8,d_19840301,14.1,7,1.8,0.5,0,0,41.2,28,13.1,8.4,4.5
33.3,d_19840401,10.8,6.2,1.8,0.8,0.1,0,55.9,41.7,21,11.8,4.9
31.8,d_19840501,12.9,8.1,2.9,1.4,0.5,0,55.5,41.9,22,12.6,5.1
27.7,d_19840601,14.5,10.1,2.9,0.7,0,0,57.8,45,24.7,15.6,7.8
30.9,d_19840701,17.6,12.2,5.7,2.9,0.8,0,51.5,39.6,23.7,16.4,9
36.2,d_19840801,23.5,16.5,8,5.1,1.7,0,40.2,29.8,16.4,9.8,3.8
40.6,d_19840901,30.6,21.6,10.5,6.2,2.3,0,28.9,17.9,5.1,2.1,0.5
36.4,d_19841001,16,10.7,4.4,2.6,0.8,0,47.6,33.4,14.4,6.8,1.9
34.8,d_19841101,13.2,8.2,3.1,1.7,0.5,0,52.1,38.1,18.9,10.7,3.4
35.7,d_19841201,12.9,7.5,2.8,1.4,0.3,0,51.4,38.4,20,11.4,4.2
43.3,d_19850101,18.9,12.1,4.9,2.1,0.4,0,37.9,27.4,14.5,8.7,3.6
38.1,d_19850201,21.8,14.3,5.6,2.7,0.6,0,40,28.7,15.1,8.6,3.2
32.9,d_19850301,26.1,17.8,7.8,4.1,1.6,0,41.1,30.8,15.3,8.5,3.3
30.6,d_19850401,30.3,20.9,12.5,9.9,6.2,0,39.1,29.3,15.8,9.8,4.3
27.4,d_19850501,33.4,23.7,13.2,9,3.3,0,39.2,29.5,14.5,7.8,3
24.3,d_19850601,37.1,27,12.8,6.5,1.9,0,38.7,30.6,15.6,8.8,3.5
26.7,d_19850701,44.7,31.4,12.6,6,1.5,0,28.7,20.2,6.9,2.7,0.8
29.9,d_19850801,44.8,33.8,17.9,10.4,4,0,25.3,16.9,6.8,3.4,0.9
35.5,d_19850901,41.4,28.4,11.5,5.3,1.3,0,23,14.7,5,1.9,0.3
43.3,d_19851001,25.9,14.8,3.8,1.5,0.4,0,30.7,21.3,8.5,3.5,0.5
45.3,d_19851101,11.6,4.9,0.7,0.2,0,0,43,29.2,12.6,5.8,1.2
49.3,d_19851201,15.5,7.1,1.2,0.3,0,0,35.2,22.4,7.4,3,0.5
54.3,d_19860101,14.2,5.7,0.9,0.2,0,0,31.6,18.5,5.3,1.8,0.2
44.6,d_19860201,10.1,4.7,0.9,0.2,0,0,45.3,29.2,10,3.9,0.7
40.8,d_19860301,10.7,5.9,1.8,0.6,0.1,0,48.4,31.9,12.3,5.8,1.7
35.3,d_19860401,14.1,9.2,4.8,3.2,1.4,0,50.5,36.5,18.2,10.9,4.7
36.3,d_19860501,13.6,9.6,5.5,3.6,1.5,0,50.2,34.1,13.4,7,2.5
41.5,d_19860601,15.7,10.4,5.6,3.5,1.6,0,42.9,27.2,9,3.8,1
38.3,d_19860701,22,15.8,10.3,8.1,4.9,0,39.6,26.8,10.2,4.4,1.2
40.2,d_19860801,30.6,22,13.6,10.4,6.5,0,29.3,18.2,5.7,2.3,0.5
29.6,d_19860901,23.2,18.1,11.6,8.5,4.6,0,47.4,35.9,17.8,9.8,3.8
26.1,d_19861001,18.3,12.9,6.3,3.3,1.3,0,55.6,44.8,25.3,14.1,4.3
37.3,d_19861101,14.4,8.1,3.4,1.6,0.6,0,48.3,36.8,21,12,3.8
34.5,d_19861201,18.1,11.4,4.6,2.3,0.5,0,47.3,37.7,22.6,13.3,4.9
35.2,d_19870101,16.4,10.1,4.1,1.8,0.3,0,48.3,37,19.7,12.1,5.3
30.7,d_19870201,17.4,11.2,3.5,1,0.1,0,51.9,40,22.3,14.2,6.9
32.8,d_19870301,13.9,7.2,1.3,0.2,0,0,53.4,42.2,25.4,16,7
33.8,d_19870401,21.4,13,4,1.4,0.1,0,44.6,33.3,18.2,11.6,5.3
33.9,d_19870501,19.8,12.4,3.3,0.8,0,0,46.1,36,20.5,13.6,6.3
28.4,d_19870601,35,26.5,13.2,7.3,3.4,0,36.6,28.7,16.6,10.7,4.4
37.5,d_19870701,30,20.7,8.2,4.5,2.2,0,32.5,22.3,9.3,4.4,1
36.4,d_19870801,34.6,23.5,9.1,4.3,1.2,0,29,19.5,8.2,4.2,1.3
43,d_19870901,31.1,19.8,7.8,3.6,1.1,0,25.9,14.7,3.8,1.3,0.2
43.5,d_19871001,36.8,24.7,11.4,5.9,1.8,0,19.6,10.4,2.2,0.6,0.1
43.2,d_19871101,34.5,24.1,12,6.5,2,0,22.4,12.6,3.4,1.1,0.2
43.7,d_19871201,31.6,22,9.7,5.1,1.5,0,24.7,13.1,2.6,0.7,0.2
44.3,d_19880101,25.7,15.7,5.6,2.5,0.7,0,30.1,17.7,5.1,1.7,0.3
45.7,d_19880201,34.3,22.9,9.2,4.4,1.5,0,19.8,9.2,1.4,0.3,0
40.5,d_19880301,39.3,27.1,11.1,5.6,1.8,0,20.4,10.5,2.3,0.7,0.1
33.6,d_19880401,46.8,34.6,15.4,7.7,2.1,0,19.6,11.4,2.4,0.6,0.1
31.9,d_19880501,54.5,43,21.2,10.9,3.4,0,13.6,7.5,1.4,0.4,0
25.5,d_19880601,61.9,51.1,30.7,20.8,10.8,0,12.6,7.6,2.1,0.8,0.1
33.2,d_19880701,51.9,41.5,25.6,16.3,7.5,0,14.9,7.8,1.6,0.2,0
31.6,d_19880801,55.5,43.7,26.2,17.2,8.4,0,12.8,7.5,2.3,1,0.2
28.4,d_19880901,59.1,47,26.4,16.4,8.3,0,12.6,7.6,2.1,1,0.3
26.8,d_19881001,63.8,51.2,30.7,21.8,12.2,0,9.4,5.4,1.6,0.8,0.2
39.7,d_19881101,46.6,33.5,17.1,10.9,5.7,0,13.6,6.7,1.5,0.6,0.1
39.8,d_19881201,47,34.2,17.5,10.9,5.6,0,13.1,6.1,1.3,0.5,0.1
39.6,d_19890101,51.1,35.9,16.7,9.8,4,0,9.2,4.1,1,0.3,0
34.4,d_19890201,51.2,36.9,16.9,8.9,3.1,0,14.5,9.4,3.7,1.9,0.6
42.1,d_19890301,36.1,22.8,8.2,3.7,0.9,0,21.7,14.1,6.4,3.8,1.8
42.5,d_19890401,38.4,25.6,10.2,5.7,2.4,0,19.1,12,4.7,2.5,0.8
38.8,d_19890501,38.5,26.2,10.2,5,2.2,0,22.7,14.6,5.9,2.6,0.5
35.5,d_19890601,39.8,29.3,12.2,6.3,2.4,0,24.7,17.9,9.3,5,1.5
37.9,d_19890701,34.3,22.9,7.5,3.2,1.2,0,27.8,19.8,11.1,7,2.7
38.2,d_19890801,36.4,23.6,9,4.5,1.5,0,25.3,18.4,9.6,5.3,1.6
35.6,d_19890901,32.8,22,9.1,4.7,1.6,0,31.7,24.1,13.4,8.6,3.8
32.3,d_19891001,34.5,24.5,12.2,7,2.5,0,33.2,24.6,13.2,8.2,4.1
30.3,d_19891101,37.8,27.7,15,9,3.5,0,31.9,24,12,6.9,3.1
25.6,d_19891201,50.2,39.4,22.5,14.5,6,0,24.2,18.2,9.1,5,1.6
27.1,d_19900101,43.8,33,15.3,7.9,2.6,0,29,22.7,12.7,7.9,3.4
29.2,d_19900201,41.7,31.5,14.6,7.6,2.1,0,29.2,21.8,11.8,7.6,4.4
36.4,d_19900301,38.5,28,11.2,4.6,1.1,0,25,16.5,7.1,4.1,1.4
41.4,d_19900401,33.2,22.4,8,3.1,0.6,0,25.4,15.9,5.9,2.6,0.5
37.3,d_19900501,31.7,19.9,7.1,3.5,0.7,0,31.1,19.6,7.8,3.9,1.1
42.2,d_19900601,33.5,21.4,7.3,3,0.7,0,24.3,14.5,4.5,1.6,0.3
40.3,d_19900701,29.2,17.8,5.3,2.3,0.5,0,30.5,19.5,7.3,3.2,0.8
39.8,d_19900801,24.3,14.3,3.5,1.1,0.2,0,35.9,24.3,10.4,5.4,1.7
39.3,d_19900901,19.2,11.6,4.8,2.7,1.1,0,41.4,29.6,13.7,6.9,2.1
38.4,d_19901001,20.3,11.6,3.7,1.9,0.5,0,41.2,30.7,15,7.7,2
37.6,d_19901101,24.6,16,5.8,2.8,1.1,0,37.8,27,12,5.3,1.2
32.8,d_19901201,28,19.6,8.4,4.2,1.5,0,39.1,29.8,15.9,8.8,2.8
32.6,d_19910101,29.1,20.7,9.1,4.1,0.8,0,38.5,28.9,14.9,8.3,3.2
33.6,d_19910201,35.4,27.6,15.7,10,4.6,0,31,20.9,8.7,4.1,1.1
33.7,d_19910301,28.3,19.4,8.2,4.4,1.7,0,37.8,27.4,13.4,6.5,1.7
35.6,d_19910401,25,14.7,3.8,1.2,0.1,0,39.3,28.7,15.1,8.5,3
40.2,d_19910501,16.1,8.8,1.8,0.5,0,0,43.6,31.4,16,9.6,4
40,d_19910601,14.3,7.3,1.4,0.3,0,0,45.9,33.4,18.1,11.3,4.9
42.6,d_19910701,16.2,8.2,1.4,0.3,0,0,41.2,29.2,14.3,8.4,3.5
41.9,d_19910801,16.5,8.3,1.6,0.4,0,0,41.8,29.9,15.1,9.5,5
37.1,d_19910901,19.6,12.6,5.3,2.8,0.9,0,43.3,30.6,16,10.3,4.7
36.1,d_19911001,17,11.5,5.3,3,1.2,0,46.7,32.2,12.6,6.6,2.6
31.2,d_19911101,12.3,7.7,3.5,2.1,0.9,0,56.5,42,17.6,8.5,2.8
36.3,d_19911201,17.9,10.7,4,2.1,0.7,0,45.7,34.6,18.6,10.8,3.5
40.3,d_19920101,21.2,13.3,5.1,2.8,1.1,0,38.5,28.2,14.9,9.2,3.8
38.4,d_19920201,28.6,18,6.9,3.6,1,0,33.1,23.9,14,9.9,4.9
34.4,d_19920301,29.2,20.4,9,4.3,1,0,36.3,27.5,16.2,10.7,5.3
34.6,d_19920401,31.2,21.3,8,3,0.6,0,34.3,25.7,14,8.2,2.7
33.5,d_19920501,36.9,25.8,12.6,6.7,2,0,29.5,24.1,15.3,10.2,5.3
35.7,d_19920601,33.7,22.3,8.2,3.8,0.9,0,30.5,23.3,14.3,9.3,4
36.6,d_19920701,24.6,15,5.5,2.5,0.6,0,38.8,30.2,18.1,11.8,5.7
34.4,d_19920801,26.4,18.2,9.1,5.3,1.9,0,39.3,29.6,18.2,12.6,6.4
40.2,d_19920901,25.9,16.3,7.1,4.1,1.5,0,33.9,22.3,8.8,4,0.9
46.1,d_19921001,24.5,14.1,4.2,1.6,0.3,0,29.5,17.9,6.6,3.6,1.3
47.7,d_19921101,17.4,9,2.1,0.5,0.1,0,35,20.8,7,2.8,0.6
50.5,d_19921201,12.7,5.3,1.2,0.5,0.1,0,36.9,21.7,7.6,3,0.6
39,d_19930101,8.5,3.9,1.2,0.6,0.1,0,52.5,37.8,18.2,10.3,4.5
32.7,d_19930201,7.7,3.9,1.4,0.7,0.2,0,59.7,46.6,26.5,16.2,7.1
32.1,d_19930301,9.5,4.5,1.2,0.4,0,0,58.4,46.1,27.4,17.4,7.4
32.9,d_19930401,12,5.3,1,0.2,0,0,54.9,42.2,21.8,11.8,3.5
32.7,d_19930501,15.3,7.4,0.9,0.1,0,0,52,39.4,20.7,11.8,3.7
27.9,d_19930601,9.9,4.4,0.5,0.1,0,0,62.2,49.2,26,15.5,6.7
26.4,d_19930701,7.4,3,0.2,0,0,0,66.2,54.5,36,26,15.1
24.4,d_19930801,13.6,7,1.3,0.3,0,0,61.8,53.2,36.3,25.9,14.7
29.8,d_19930901,12.1,5.6,0.9,0.2,0,0,58,48,29.6,20.2,10.5
36.3,d_19931001,13.6,7.1,1.5,0.4,0.1,0,50.2,37.4,20.9,13.7,7.4
38.4,d_19931101,17.4,9.7,2.1,0.8,0.2,0,44.2,34,20,13.3,6.9
36.9,d_19931201,24.6,15.9,5.4,2.4,0.7,0,38.5,30,19,13.1,6.4
36.8,d_19940101,28.4,17.5,5.5,2.4,0.7,0,34.9,27.6,18.4,13.1,6.5
35.7,d_19940201,27.1,16.9,5.1,1.6,0.2,0,37.2,29.8,20.7,15.8,9.2
32.3,d_19940301,32.8,23,9.6,4.5,0.7,0,34.9,26.8,16.1,11,5.7
41,d_19940401,30.3,20,9.1,4.9,1.1,0,28.6,19.9,9.9,6.3,3
39.5,d_19940501,38.7,26.9,12.6,6.7,1.9,0,21.9,15.3,7.5,4.6,2.1
42.5,d_19940601,37.5,27.1,11.1,4.9,0.7,0,20,12,4.8,2.3,0.9
39.6,d_19940701,38.4,26.9,10.8,4.5,0.7,0,22.1,14.3,5.8,3.2,1.2
36.2,d_19940801,42.2,29.7,10.2,3.4,0.7,0,21.6,14.5,7.2,4.3,2
38.9,d_19940901,39.2,27.2,10.3,4.1,1.1,0,22,14,5.9,3.3,1.1
44.6,d_19941001,30.1,18.4,5.2,1.9,0.2,0,25.5,15.8,6.1,3.2,1.1
47.5,d_19941101,22.4,12.1,2.5,0.7,0.1,0,30,18.7,7,3.6,1
49.5,d_19941201,19.5,8.9,2.1,0.6,0.1,0,30.8,18.2,6.2,2.7,0.7
44.1,d_19950101,18.7,9.6,2.4,1,0.3,0,37.1,25.6,11.2,5.8,1.8
44.3,d_19950201,17.7,9.4,3,1.6,0.6,0,38,24.6,9.4,5,2.1
37.6,d_19950301,16.4,9.2,2.5,1.2,0.6,0,45.9,31.8,14.3,7.4,2.3
32.3,d_19950401,17.9,11.1,3.1,1.1,0.2,0,49.9,36.5,15.9,7.6,1.9
23.8,d_19950501,13.9,9.2,2.8,1.2,0.4,0,62.3,51.9,30.2,18.1,7.1
22.8,d_19950601,12.2,8.5,4.7,3.1,1.4,0,64.9,54.8,35.9,23.4,9.8
28.2,d_19950701,13.7,8.6,3.1,1.5,0.4,0,58.2,47.7,29.2,17.3,6.7
30,d_19950801,14.9,10.3,5.1,3.2,1.4,0,55.2,42.9,22.9,12.9,3.8
32.8,d_19950901,14.8,9.4,5.1,3.2,1.3,0,52.3,40.5,22.9,13.7,5.8
36.1,d_19951001,14.9,8.4,2.1,0.6,0.2,0,49.1,35.8,16.2,8.2,2.3
34.2,d_19951101,12.7,7,2,0.7,0.2,0,53.1,40.4,20.4,10.5,3.1
38,d_19951201,15.7,9.3,3.9,2,0.7,0,46.4,33.6,15.8,7.7,2
33,d_19960101,17.3,11.9,6.3,4.1,2.2,0,49.9,38,18.8,9.1,2.6
30.1,d_19960201,30.8,21.9,10.5,5.8,2.4,0,39.1,28.8,13.9,7.5,2.6
28.4,d_19960301,36.4,28.3,14.8,8.4,3.4,0,35.3,26.2,13.5,7.3,2.1
30.4,d_19960401,35.9,28.5,16.1,9.8,4.4,0,33.6,24.6,12.1,7,2.1
25.9,d_19960501,33.1,26,15.6,9.9,4.2,0,41,31.8,16.3,8.7,3
27.9,d_19960601,32.2,26,15.8,10.4,4.5,0,39.9,30.4,16.7,10.5,4.3
35.7,d_19960701,29.5,20.6,9.6,5.4,1.7,0,34.6,26,13.2,7.6,2.7
39.1,d_19960801,27,17.8,7.3,3.9,1.6,0,34,23.7,10.3,5.4,1.7
38.3,d_19960901,19.4,11.3,3.3,1.3,0.3,0,42.4,29.6,14,7.7,3.1
43.8,d_19961001,17.2,8.7,2,0.7,0.2,0,39,27.5,11.3,5.6,2
42.6,d_19961101,10.5,5.1,1.2,0.5,0.1,0,46.7,32.9,14.2,6.7,2.2
35.7,d_19961201,10.7,5.6,1.6,0.7,0.1,0,53.5,42.5,26.2,17.1,7.8
30.6,d_19970101,6.9,3.3,0.7,0.3,0.1,0,62.4,49,28.2,17.1,6.8
26.8,d_19970201,8.4,4.6,1.4,0.5,0.1,0,64.8,49.9,24.5,13.5,4
28.5,d_19970301,9.5,5.2,1.4,0.6,0.2,0,62.2,49.6,26.6,14.8,5
28.9,d_19970401,7.4,4,0.7,0.1,0,0,63.7,49.2,25.8,15.4,6.1
30,d_19970501,6.5,3.4,0.6,0.2,0.1,0,63.5,47.7,21.5,11.7,3.9
35.9,d_19970601,8.5,4.3,1.2,0.4,0.1,0,55.6,40.4,19.1,9.8,3.1
34.9,d_19970701,10.2,5.4,1.6,0.7,0.1,0,54.9,39.8,19.1,10.5,3.6
33.7,d_19970801,14.4,8.2,2.5,0.9,0.1,0,51.9,37.7,17.7,9.5,3.5
40.1,d_19970901,15.4,8.1,1.9,0.6,0.1,0,44.7,30.6,13.6,7.5,2.2
37.4,d_19971001,20,12.3,5.3,3.2,1.8,0,42.5,30.4,13,6.5,2.2
42.7,d_19971101,18.4,9.9,2.3,0.7,0.1,0,38.9,25.3,9.2,3.9,1.3
41.1,d_19971201,18.1,9.9,2.7,1.1,0.1,0,40.9,29,12.6,5.8,1.3
43.4,d_19980101,12,5.4,1,0.2,0,0,44.5,29.6,10.5,4.1,0.7
34,d_19980201,9.2,4.5,1,0.4,0.1,0,56.9,43.4,21.5,12.5,4.8
29.8,d_19980301,8.9,5.1,1.4,0.4,0.1,0,61.5,47.3,23.7,13.8,5.2
33,d_19980401,9.3,4.5,0.9,0.2,0,0,57.8,43.4,22.5,13.2,5.3
36.6,d_19980501,12.9,7.6,2.1,0.9,0.2,0,50.6,37.4,20.1,13.5,7.2
35.3,d_19980601,10.4,5,1.2,0.5,0,0,54.2,41.2,23.8,15.6,7.5
30.9,d_19980701,13.1,7.8,2.5,0.9,0.1,0,56,44.3,25.2,16,8
33.4,d_19980801,11,5.8,1.4,0.5,0.1,0,55.7,43.1,22.7,13.4,5.7
32.5,d_19980901,13.6,8.5,3.8,2,0.7,0,53.9,41.4,23.4,15.9,8.7
32.9,d_19981001,11.4,6.7,2.4,0.9,0.2,0,55.7,41.8,25.1,17.1,9.3
33.7,d_19981101,14.1,8.4,2.8,1.2,0.3,0,52.3,39.1,20,11.7,4.8
35.9,d_19981201,19.7,12.9,5.6,3,1.1,0,44.4,30.7,13.3,6.8,2.4
34.2,d_19990101,16.9,10.5,3.6,1.4,0.3,0,48.9,35.6,16.6,8.6,3
31.7,d_19990201,18.5,12.3,4.6,1.9,0.3,0,49.7,38,18.3,9,3.4
37.6,d_19990301,23,15,5.7,2.6,0.5,0,39.5,29.2,14.1,7.7,3.1
35.7,d_19990401,21.5,12.5,3.2,1,0.1,0,42.8,32.2,17.7,10.9,4.6
34.3,d_19990501,21,12.8,3.6,1.1,0.1,0,44.9,33.9,19.3,11.9,4.7
29.3,d_19990601,21.9,15.1,5.4,2.1,0.2,0,48.8,37.6,22.4,14.4,6.5
38.9,d_19990701,21.7,14.1,5.9,2.5,0.5,0,39.5,27.3,12.4,6.3,2.4
40.4,d_19990801,23.7,14.7,5.2,1.8,0.3,0,35.9,24.9,10.2,5.2,1.8
40,d_19990901,20.9,12.2,3.6,1.4,0.2,0,39,26.9,10.8,5.8,1.8
38.6,d_19991001,33.5,23.1,8.2,3.5,1,0,27.9,16.5,6,2.9,1
37.4,d_19991101,39.4,28.3,11.7,5.9,2.2,0,23.2,13.8,5,2.3,0.8
34.5,d_19991201,42.8,32.4,14.2,6.4,1.8,0,22.8,13.6,5,2.4,0.8
38,d_20000101,47.3,33.6,15.5,7.1,1.7,0,14.9,8.4,3,1.5,0.6
42.6,d_20000201,43.9,31.2,14.4,7.2,2,0,13.5,7.2,2.2,1.2,0.5
36,d_20000301,47.7,36.9,22,13.8,5.3,0,16.3,10,3.3,1.5,0.6
32.8,d_20000401,51.7,40.6,23.7,14.5,6.1,0,15.6,10.1,5,2.7,1.1
31.7,d_20000501,56.1,41.7,20.5,11.6,4.8,0,12.1,8.4,4.7,3.1,1.6
40.6,d_20000601,47.7,33.6,14.5,7,1.8,0,11.8,5.9,1.2,0.3,0.1
40.7,d_20000701,43.5,30.4,14.6,9.1,4.2,0,15.8,8.5,2.5,0.8,0.1
41.1,d_20000801,41,28.3,13.1,8,4,0,18,10.8,3.4,1.5,0.4
38.9,d_20000901,40.4,28.5,12.3,6.5,2.7,0,20.6,12.5,4,1.7,0.5
45.4,d_20001001,31.7,20.4,9.2,5.8,3.1,0,23,13.4,4.3,1.5,0.2
47,d_20001101,31.3,19.8,6.2,2.6,0.6,0,21.5,12.1,3.4,1.3,0.2
40.7,d_20001201,41.7,28.2,10.4,4.4,0.9,0,17.5,10.6,3.6,1.4,0.4
41.1,d_20010101,40.8,28.2,12.7,7.3,2.8,0,18.4,11.3,4.1,1.4,0.3
38.8,d_20010201,37.3,27.1,13.9,8.5,4.5,0,23.9,14.5,4.9,2.2,0.5
44.7,d_20010301,37.6,25.9,11.8,7,3.8,0,17.5,8.6,2.2,0.8,0.1
39.7,d_20010401,37.5,26.8,13,7.3,3.1,0,22.8,13.6,4.6,1.8,0.2
33.6,d_20010501,36.4,27.6,14.4,8.2,3.4,0,29.7,20.6,7.3,3,0.5
27,d_20010601,36.8,29.5,16.4,9.3,3.3,0,36.2,25.1,9.9,4.8,1.6
36.8,d_20010701,35.6,26,14.2,9.4,4.3,0,27.4,18.3,8.2,4.2,1.3
39.9,d_20010801,40.3,29.5,14.9,9.1,3.4,0,19.8,10.6,2.8,1,0.1
38.9,d_20010901,38,27.8,14,8.3,3,0,23,13.2,3,1.1,0.2
39,d_20011001,39.3,26.7,11.7,5.6,1.5,0,21.8,13.3,4.4,1.8,0.4
40.4,d_20011101,38.4,25.2,9.4,4.3,1.4,0,21,13.2,3.9,1.3,0.2
35.8,d_20011201,39.6,28.8,14.4,8.5,3.8,0,24.6,15.2,4.8,1.7,0.2
35.1,d_20020101,43,31.3,15.1,8.8,3.2,0,21.9,14.4,5.4,2.2,0.3
34.1,d_20020201,47.7,36.2,19.9,12.2,5.6,0,18.3,12.1,4.7,1.9,0.3
34.3,d_20020301,47.5,36.3,20.9,14,6.8,0,18.1,11.6,4.9,2.5,0.8
26.9,d_20020401,54.2,44.3,28.8,20.5,10.7,0,19.1,13.7,6.4,3.2,0.8
27.4,d_20020501,54.5,44.7,29.4,21.8,13.1,0,18.2,13.3,7.2,4.5,2.1
25.7,d_20020601,55.5,46.3,32.4,24.9,15.4,0,19,13.6,6.7,3.7,1.5
31.9,d_20020701,51.2,42.1,29.9,22.9,14.9,0,17,11,4.3,1.9,0.3
29.6,d_20020801,54,44.1,30,23.3,16,0,16.4,10.1,4.1,2.3,0.6
31.7,d_20020901,53.3,42.6,27.2,18.6,10.9,0,15,9,3.9,2.1,0.5
31.9,d_20021001,46.7,38.1,24.6,17.3,9.2,0,21.4,13.9,6,3.4,1.4
33.2,d_20021101,43.2,33.2,19.2,12.2,5.2,0,23.6,15.8,6.5,3.3,0.7
33.5,d_20021201,39.1,29.4,14.5,8.7,3.7,0,27.3,17.8,6.5,2.9,0.9
36.1,d_20030101,42.8,32.5,15.6,8.7,3.5,0,20.9,12.7,4.6,2.3,0.8
37.3,d_20030201,35.9,25.1,11.5,5.9,1.8,0,26.7,18,8.7,5,2.1
42.4,d_20030301,29.1,18.5,7.9,4.2,1.3,0,28.4,18.4,7.7,4.3,1.5
43.3,d_20030401,24.1,15.2,6.5,3.3,1.2,0,32.5,22,8.2,3.4,0.9
49.1,d_20030501,19.2,11.5,4.9,2.2,0.6,0,31.9,21.7,11.1,6.7,2.5
46.2,d_20030601,20.5,11.4,3.3,1.2,0.1,0,33.4,22.5,11.6,7.2,3.6
43.3,d_20030701,32,19.2,5.1,1.7,0.3,0,24.8,17.1,9.9,6.7,3.4
42.4,d_20030801,29.4,18,5.4,2.2,0.5,0,28.1,20.3,10.5,6.6,2.9
42.4,d_20030901,31,18.4,6.6,3.4,1.4,0,26.7,19.9,11.2,7.1,3.5
39.8,d_20031001,30.7,18.3,5.7,2.2,0.6,0,29.5,23.5,15.1,10.3,5.3
40.3,d_20031101,30.4,18.3,5.7,2.3,0.7,0,29.2,22.9,14.2,9.4,4.7
36.3,d_20031201,32.3,19.8,6.6,3,1.1,0,31.4,24.5,14.5,10.3,5.4
39,d_20040101,34.3,21.8,8.4,4,1.2,0,26.7,20.7,12,8.4,4.7
42.2,d_20040201,30.8,19.2,7.1,3,0.8,0,27.2,19.4,9.8,6,2.4
40.3,d_20040301,38.4,25.1,10.6,5.8,2.2,0,21.2,14.2,6.9,3.6,1.1
43.8,d_20040401,31.6,19.1,7.4,3.3,0.9,0,24.6,15.3,6.6,3.3,1
42,d_20040501,27.4,17.6,6.1,2.8,0.9,0,30.6,21.5,10.3,5.6,2.1
45.8,d_20040601,23.9,14,4.6,2.3,0.8,0,30.3,19.5,8.5,4.5,1.5
41.7,d_20040701,20.7,11.4,3,1.1,0.1,0,37.6,24.7,10.6,4.9,2
40.4,d_20040801,20.5,12.8,4,1.5,0.2,0,39.1,27.2,12,5.9,1.9
43,d_20040901,17.4,9.3,1.5,0.3,0,0,39.5,27.7,13,6.6,2.2
40.7,d_20041001,7.8,3.4,0.5,0.1,0,0,51.6,35.4,15.9,8,2.3
32.4,d_20041101,11,6.2,1.2,0.2,0,0,56.6,42.3,21.2,12.8,5.1
31.3,d_20041201,8.2,4,0.7,0.1,0,0,60.6,45.7,24.3,14.5,5
27.3,d_20050101,8,3.9,0.5,0.1,0,0,64.7,52.2,29.7,18.5,7.7
24.9,d_20050201,13,8.3,3.2,1.2,0.2,0,62.2,51.7,31.3,20.5,10.2
28.1,d_20050301,11.5,6.7,2.1,0.8,0.1,0,60.2,47.3,25.7,15.9,8.1
30.8,d_20050401,11.1,6.3,1.6,0.5,0.1,0,58.3,44.5,23.4,14.7,7.6
32.7,d_20050501,13.7,7.5,1.4,0.2,0,0,53.6,42,23.5,15,8.1
35.8,d_20050601,11.7,6.7,1.5,0.4,0,0,52.4,38.1,18.6,11.6,6.4
41.3,d_20050701,16,9.6,2.9,0.9,0.1,0,42.4,28.3,12.4,7.2,3.2
39.5,d_20050801,21.6,13.8,4.7,2.1,0.5,0,38.9,26.5,12.1,6.6,2.3
41.2,d_20050901,24,14.8,4.6,1.7,0.4,0,34.6,23.2,9.7,4.3,0.9
39.3,d_20051001,25.7,17.2,7.7,4.2,1.7,0,35.1,22.7,8.9,4.5,1.7
37.1,d_20051101,27.5,19.7,9.1,4.9,2,0,35.4,24,9.3,4.6,2.1
33.3,d_20051201,30.3,22.1,11.4,7.1,3.4,0,36.3,26.2,13,8.1,3.6
34,d_20060101,29.9,22,11.2,7,3,0,36.1,26.7,14.3,8.7,3.5
35.5,d_20060201,32.9,23.8,11.9,6.9,3.1,0,31.8,21.8,8.3,4.4,2.4
40.9,d_20060301,34.4,21.8,9.2,4.7,1.5,0,24.8,16.9,6.6,3.2,1.4
37,d_20060401,34.1,23.4,9.3,4,1.4,0,29.1,21.7,12,6.9,2.3
23.3,d_20060501,50.1,39.2,19.8,10.4,3.7,0,26.7,20.1,10.7,5.8,2.1
26.1,d_20060601,49.4,38.8,20.1,11.2,4.3,0,24.5,18.2,10.2,6,3.4
24.1,d_20060701,55.2,43.3,23.6,13.8,5.7,0,20.8,16.5,9,4.6,1.5
28.3,d_20060801,49.9,36,16.5,8.9,3.7,0,21.7,16.3,8,4,1
39.8,d_20060901,37.6,25.1,11,6,1.9,0,22.6,13.7,4.5,2.2,0.7
39.5,d_20061001,34.6,23.5,9.8,5,1.4,0,25.8,17.3,7.3,4,1.6
38.1,d_20061101,29.4,19.5,8.5,4.6,1.8,0,32.5,23,10,5.4,1.9
40.2,d_20061201,29.4,19.3,7.3,3.3,0.9,0,30.3,21.7,11.2,6.6,2.4
32.8,d_20070101,37.5,26.6,11.9,6.1,1.9,0,29.6,22.4,13.9,9.4,4.2
34.1,d_20070201,32.7,22.9,9.7,4.7,1.7,0,33.2,24.5,14,9,3.9
33,d_20070301,27,19.7,10.1,5.5,2.1,0,40,29.7,15.1,8.2,3
28.4,d_20070401,25.5,18.6,9,4.9,2.1,0,46.1,35.4,18.6,11.2,4.2
25.9,d_20070501,28.6,22.6,12.3,7,2.8,0,45.6,36.4,18.6,10.4,4.3
26.1,d_20070601,33.1,26.8,14.5,8.7,3.6,0,40.7,31.5,16.4,9,3.1
28.8,d_20070701,40.3,31.5,18,11.6,5.6,0,31,23.4,13.4,9.3,5.4
23.7,d_20070801,43.6,35.8,21.9,14.5,7.9,0,32.7,26.8,17.8,13.4,8.3
27.5,d_20070901,44.5,35.9,20.7,13.4,7.5,0,27.9,22,12.8,8.3,4.3
34.1,d_20071001,37.7,26.7,13.8,9.1,5,0,28.2,21.5,12.4,7.4,3.2
30.3,d_20071101,42.6,32,17.6,11.3,5.8,0,26.9,20.1,10.3,6,2.5
42.7,d_20071201,28.8,18.6,7.9,5,2.6,0,28.5,19.9,8.2,3.8,1.1
44.8,d_20080101,25.8,17,8.3,5.7,3.3,0,29.6,19.3,7.2,3.2,0.9
46.9,d_20080201,22.8,15.5,7.2,4.2,1.5,0,30.3,18.5,7.3,3.8,1.2
43.4,d_20080301,26.1,17.1,7.9,4.7,1.9,0,30.5,20.9,10,6,2.5
37.5,d_20080401,32.7,20.9,7.4,3.5,1.2,0,29.7,23.4,14.6,9.5,4.5
37.6,d_20080501,28.2,17.7,6.7,3.3,0.9,0,34.3,25.3,12.7,6.9,2.4
32.6,d_20080601,32.2,21.4,8.9,4.9,1.8,0,35.3,28.1,17.9,12.7,7
35.6,d_20080701,34.1,22.4,7.8,3.5,0.9,0,30.1,23.5,15.8,11.9,6.4
42.2,d_20080801,21.7,11.8,3,0.9,0.1,0,36.1,27.1,16.3,11.8,6.6
40.3,d_20080901,28.3,17.5,5.9,2.4,0.5,0,31.4,23.3,14.3,10.6,5.8
30.7,d_20081001,33.3,25.5,14.2,8.1,3.1,0,35.9,26.6,15.7,11.1,5.9
34.6,d_20081101,33.4,25.1,13.4,7.7,3.1,0,32,22.9,12.2,7.4,2.8
37.8,d_20081201,26,16.4,5.6,2.7,1,0,36.2,26.3,13.7,8.1,2.9
39.4,d_20090101,26.8,17.4,6.7,3.2,0.9,0,33.8,24.4,11.9,6.4,2.2
37.2,d_20090201,33.6,21.3,7.6,3.7,1.2,0,29.2,21.4,11.7,7.1,3
38.9,d_20090301,30.8,18.2,5.6,2.1,0.5,0,30.2,21.4,10.5,6.8,3.3
37,d_20090401,29,17,4.3,1.4,0.3,0,34,24.9,12.4,7.5,3.6
45.9,d_20090501,25.5,14.2,4.2,2.1,0.6,0,28.6,19.3,8.9,5.6,3
46.1,d_20090601,22.2,12.8,4.4,2.6,1.1,0,31.8,20.3,7.6,3.6,1.1
47.5,d_20090701,20.5,10.9,4.2,2.6,1.4,0,31.8,20.1,7.3,3.1,0.8
40.8,d_20090801,24.3,14.6,5.2,2.7,1.5,0,35.1,24.1,10.4,5.7,2.3
40.5,d_20090901,30.2,20.2,8.3,4.5,1.2,0,29.3,18.1,6.2,2.7,0.7
36.5,d_20091001,17.5,11.8,5.8,3.6,1.6,0,46,34.8,19.1,12.1,5.9
36.6,d_20091101,19,12.9,8,6.5,5,0,44.4,33.7,18.6,11.9,5.2
37,d_20091201,17.7,10.9,4.3,2.5,0.9,0,45.3,35.6,21.3,14.8,7.7
41.2,d_20100101,12.5,5.9,1,0.2,0,0,46.4,34.5,19.6,13.4,7.8
35.8,d_20100201,12.8,7.1,2,0.8,0.1,0,51.4,37.7,19.6,12.3,5.6
33.2,d_20100301,18.5,11.7,4.2,1.9,0.4,0,48.3,36,19.6,12.3,5.8
38.8,d_20100401,15.3,8.9,2.8,1,0,0,45.8,32.6,16.6,9.7,3.4
37.5,d_20100501,12.3,7.5,2.8,1.4,0.4,0,50.2,35.1,16.4,9,2.6
38.9,d_20100601,5.1,1.7,0.1,0,0,0,56,39.6,19.1,11.5,4.5
42,d_20100701,13.5,6.5,1.4,0.5,0.1,0,44.5,30.2,13.8,8,3.8
41.3,d_20100801,8.9,3.8,0.7,0.2,0,0,49.8,33.9,15.6,9.3,4.5
39,d_20100901,15.2,8,2.7,1.2,0.2,0,45.9,32.4,15.8,9.4,4.1
39.4,d_20101001,17.7,10.8,4.4,2.3,0.7,0,42.9,29.4,13.4,7.2,2.4
36.7,d_20101101,18.6,11.9,4.6,2,0.4,0,44.6,31.7,14,6.9,1.9
29,d_20101201,20.8,14.6,6.5,3.6,1.4,0,50.2,40.7,23.8,13.9,5.3
33.9,d_20110101,22.7,15.1,6.2,3,0.8,0,43.4,33,17.6,10.7,4.9
34,d_20110201,24.9,18.2,9.2,5,1.6,0,41.1,30,15.4,9.8,5.4
32.4,d_20110301,27.5,18.1,7.5,4,1.3,0,40.3,30.3,14.7,8.2,3.9
23.9,d_20110401,29.9,23.9,13,8.1,3.6,0,46.2,36.1,19.6,11.8,5.9
17.9,d_20110501,28.5,24.9,18.5,14.1,8.1,0,53.8,45.3,29.1,19.9,10.8
15.5,d_20110601,31.9,28.8,23.4,19.7,13.7,0,52.5,43.9,25.8,17.6,9.4
17.9,d_20110701,32,28.2,21.5,18,13.1,0,50.2,41.4,24.6,16,7.9
18.4,d_20110801,32.1,28.6,22.8,18.9,14,0,49.4,40,23.6,15.7,8.2
26.6,d_20110901,33,27.5,19.7,16,12.1,0,40.3,30.9,18.9,13.5,7.8
23.1,d_20111001,30.7,25.9,18.4,14.5,11.2,0,46.3,37.4,22.1,15.7,9.9
24,d_20111101,29.5,24.2,16.8,13.5,10.1,0,46.5,36.7,21.9,16.1,10.4
29.8,d_20111201,33.7,25.2,14.3,10.6,6.5,0,36.5,29.1,19.3,14.9,9.5
33.5,d_20120101,37.2,26,13.7,9,4.9,0,29.4,22.6,13.3,8.5,4.1
36.2,d_20120201,43.5,30.8,15.3,8.6,3.1,0,20.1,14.3,6.9,4.1,2
40.5,d_20120301,38,26.3,11.5,5.6,1.2,0,21.3,13.5,5.9,3.5,1.5
40.2,d_20120401,38.3,25.8,10.2,4.9,1.2,0,21.6,13.6,6,3.5,1.6
46.6,d_20120501,35.2,20.9,7.3,3.9,1.4,0,18.2,10.6,3.7,1.9,0.7
41.7,d_20120601,43.7,28.2,11,5.7,2.2,0,14.5,7,1.9,0.9,0.3
40.6,d_20120701,46.9,32.8,14.6,8.2,3.3,0,12.6,6.8,2.2,1.2,0.5
32.8,d_20120801,53.4,39.3,19.2,11.1,5.2,0,13.7,8.5,2.8,1.4,0.5
31.1,d_20120901,54.3,42.1,23.6,14.7,7.2,0,14.7,9.6,4,2,0.6
32.1,d_20121001,51.6,39.9,22.6,14.4,7,0,16.4,11.1,5.4,3,0.9
29.1,d_20121101,55.9,45.1,26.9,18,9.3,0,14.9,10.6,4.9,2.7,0.9
29.9,d_20121201,52.2,42.3,25.6,17.3,8.8,0,17.7,11.8,3.9,1.5,0.3
34.4,d_20130101,48.3,38.6,24.3,17.2,9.7,0,17.2,10.4,3.4,1.3,0.3
34.9,d_20130201,49.6,37.6,21.1,14.3,8.3,0,15.5,9.4,3.7,2,0.9
37.1,d_20130301,50,36.9,19.6,12.8,6.7,0,12.8,7.1,2.5,1.4,0.5
34.1,d_20130401,48.1,35.3,17.9,9.8,3.5,0,17.9,11.6,4.6,2.2,0.6
35.9,d_20130501,39.2,27.7,12.5,6.4,2.2,0,25.1,17.4,7.8,4.3,1.5
29.6,d_20130601,38.4,30,15.7,8.6,3.5,0,32,23.9,12.9,8.1,3.9
34.8,d_20130701,32.3,20.7,7.1,3,0.7,0,32.9,24.1,10.9,6.1,2.2
32.2,d_20130801,28.6,18.6,5.7,2,0.2,0,39.4,30.7,16.5,9.7,4
41.8,d_20130901,18.9,12.2,6.1,4,2,0,39.3,27.6,12.8,6.8,2.3
41.4,d_20131001,19.4,12.9,5.5,3.3,1.3,0,39.1,26.7,12,6.5,2.3
42.6,d_20131101,17.4,10.7,4.3,2.2,0.8,0,39.9,26.3,11.5,6.1,2.1
38,d_20131201,15.7,10,4.8,3.6,2.4,0,46.1,32.7,15.8,9.2,3.4
39.8,d_20140101,22.2,13.7,6.2,4.4,3.2,0,37.8,26.6,12.1,7.2,2.9
40.5,d_20140201,22.5,14.3,6.7,3.9,1.3,0,37.1,25.2,10.9,5.1,1.3
44.8,d_20140301,23.9,15.7,7.7,4.7,1.8,0,31.4,20.1,9.2,5.8,3
44.4,d_20140401,27,17.7,6.5,2.8,0.7,0,28.5,18.2,8.4,5.4,2.8
41.7,d_20140501,28.5,19.9,9,4.7,1.5,0,29.7,19,8.4,4.9,1.8
35.1,d_20140601,33.6,24.4,12.5,6.6,2,0,31.3,22.1,11.2,6.8,2.8
42.5,d_20140701,32.1,21.2,7.6,3.3,1.1,0,25.3,15.1,5.2,2.2,0.7
38.9,d_20140801,25.8,17.2,6.6,2.8,0.6,0,35.3,23.4,8.9,4.1,0.9
43.9,d_20140901,19.4,10,2.3,0.7,0.1,0,36.6,22.9,7.6,3.1,0.6
44,d_20141001,12.3,5.3,1,0.2,0,0,43.6,28,10.1,4.7,1.5
49.4,d_20141101,11.3,4.6,0.9,0.2,0,0,39.5,23.9,7.5,3,0.7
50.6,d_20141201,6.4,2,0.2,0,0,0,43,25.7,8.1,3.3,0.8
53.4,d_20150101,9.5,3.4,0.4,0.1,0,0,37.1,21.6,5.9,2.1,0.3
51.1,d_20150201,11.9,5.4,1.3,0.5,0.1,0,37,22.3,7.4,2.7,0.6
49.5,d_20150301,23,13.1,4.7,2.2,0.7,0,27.5,15.8,4.4,1.7,0.2
49.1,d_20150401,20.3,11.4,4.2,2,0.6,0,30.6,19.2,6.8,3.1,1.1
42.3,d_20150501,19.5,10.7,2.9,1.2,0.3,0,38.2,27.4,15,9.7,4.4
40.1,d_20150601,17.8,9,2,0.5,0.1,0,42.1,29.4,14.7,8.8,3.3
40.5,d_20150701,14.9,7.3,1.4,0.3,0,0,44.4,33.6,18.8,12.2,5.6
37.6,d_20150801,16.6,9.3,2.6,1,0.1,0,45.8,34.6,18.5,11.1,4.8
37.4,d_20150901,21.2,14.3,7,4.4,1.6,0,41.4,29.7,13.9,7.7,2.7
35,d_20151001,15.7,10.2,3.9,1.7,0.5,0,49.3,35.6,17.7,10.9,4.8
27.3,d_20151101,12.3,8.4,3.9,2.2,0.7,0,60.2,47.1,26.1,16.4,7.4
22.3,d_20151201,4.8,2.2,0.6,0.3,0.1,0,72.9,60.7,37,25.3,13.8
23.5,d_20160101,3.2,1.5,0.5,0.2,0,0,73.3,58.8,35.1,22.8,11.4
36.5,d_20160201,6.5,2.6,0.6,0.3,0.1,0,57,42.8,22.7,13.4,5.5
36,d_20160301,7.2,3.2,0.4,0.1,0,0,56.7,41.3,19.9,11.2,3.8
36.6,d_20160401,7.2,2.8,0.3,0,0,0,56.2,41.8,21.6,12.9,5.7
35.8,d_20160501,4.6,1.8,0.2,0.1,0,0,59.6,43.5,21.2,13.4,6.6
36.6,d_20160601,7.4,3.3,0.7,0.1,0,0,56.1,41.9,20.8,12.9,5.8
35.8,d_20160701,13.6,7.4,1.6,0.5,0.1,0,50.6,38.5,20.5,11.8,4
37.4,d_20160801,13.5,6.4,1,0.2,0,0,48.9,36.7,18.6,10.3,3.4
39.6,d_20160901,20.3,12.2,3.8,1.8,0.4,0,40,28,12.4,6.7,2.3
35.8,d_20161001,19.8,12,4.4,2.2,0.7,0,44.3,32.4,15.6,8.6,3.4
36.1,d_20161101,20.9,13.2,5.6,3.6,2.2,0,42.9,31.7,15.2,7.8,3
38.8,d_20161201,15.9,9.6,3.5,2,1.1,0,45.5,30.5,12.4,6.9,2.8
36.5,d_20170101,13.9,8.5,3.1,1.5,0.4,0,49.6,35.8,16.5,8.8,3.2
36.2,d_20170201,15.3,9.5,4,2.3,1,0,48.5,35.5,18.1,11.3,4.6
30.8,d_20170301,14.4,8.9,3.7,2,0.7,0,54.8,42.2,25.1,16.3,8.4
27.3,d_20170401,10.6,6.2,1.9,0.6,0.1,0,62.2,49.7,28.9,19,10.1
32.6,d_20170501,10.3,5.1,0.8,0.2,0,0,57.1,43.2,24,15.9,8.2
41.8,d_20170601,10.4,4.9,1.4,0.6,0.2,0,47.8,34.7,19.4,13,6.5
38.6,d_20170701,9.9,6.2,3.3,2.4,1.6,0,51.5,36.2,15.8,8.5,3.7
31.1,d_20170801,8.1,5.3,3.1,2.3,1.5,0,60.8,45.8,23.6,14.3,6.7
34.5,d_20170901,9.6,5.7,2.6,1.7,1.1,0,55.8,40.6,19.4,10.8,4.6
36.4,d_20171001,15,9.3,4.2,2.4,1.2,0,48.5,36.8,18.1,10.2,4.2
36.4,d_20171101,21.1,15,7.4,4.5,2.3,0,42.5,30.8,14.1,7.4,2.4
40.2,d_20171201,26.1,18.8,9.5,6,2.8,0,33.7,22.8,9.8,5.3,2
39.5,d_20180101,36.6,25.9,11.6,6,2.2,0,23.8,16,7,3.8,1.6
35,d_20180201,35.8,25.6,12.8,7.3,2.8,0,29.1,20,8.2,4,1.4
40.4,d_20180301,31.3,21.2,8.1,3.7,0.9,0,28.3,18.8,7.1,3.5,1.3
37.4,d_20180401,33.8,22.5,10.5,6.5,3.1,0,28.9,19.5,8.1,4.1,1.5
37,d_20180501,38,27.1,12.5,7,3.3,0,25.2,17.4,8.3,4.5,1.9
31.7,d_20180601,38.3,28.6,16.9,11.5,6.1,0,30,22,11.2,6.6,3
36.7,d_20180701,38.4,27.2,12.3,7.2,3,0,25.1,16.9,7.9,4.4,2
34.8,d_20180801,33.3,22.4,9.5,5.3,1.8,0,31.9,23,11.1,6.5,3.2
38.3,d_20180901,24.3,15.5,6.5,3.9,1.5,0,37.4,28.7,18.2,13.2,8
34.4,d_20181001,14.6,8.3,2.7,1.2,0.3,0,51,39.7,24.4,17.4,10.4
35.4,d_20181101,13.5,7.8,2.5,1.1,0.4,0,50.9,37.7,20.5,14.1,8.9
31.4,d_20181201,15.4,9,2.5,0.9,0.2,0,53.1,43.2,27.5,19.9,12.3
29,d_20190101,13.1,8.4,3.1,1.2,0.2,0,57.8,47.6,31.3,22.8,14
26.5,d_20190201,7.4,3.9,0.8,0.2,0,0,66,55.4,37.3,28,17.7
21.6,d_20190301,8.4,5.3,1.8,0.6,0.1,0,69.9,58.5,36.6,26.3,15.2
21.4,d_20190401,6,3.2,0.6,0.1,0,0,72.6,60.5,39.5,30.4,19.6
13.9,d_20190501,3.9,2.3,0.4,0.1,0,0,82.3,71.6,51.4,40.2,26.2
15.6,d_20190601,3.3,1.7,0.4,0.1,0,0,81.1,69.9,48.4,36,19.7
22.9,d_20190701,6.3,3.1,0.7,0.2,0,0,70.6,59.8,37.4,25.3,12.5
23.6,d_20190801,8.5,4.6,1.2,0.4,0.1,0,68,56.5,35.2,23.7,12.6
22.9,d_20190901,11.3,7.4,3.3,1.6,0.5,0,65.7,55.2,34.2,22.4,10.1
23.1,d_20191001,10.7,6.2,1.9,0.7,0.1,0,66.4,56.9,38.1,26.2,13.7
32.8,d_20191101,12.3,6.3,1.9,0.7,0.2,0,54.9,43.5,25.8,17.4,8.7
31.4,d_20191201,10.9,5,0.9,0.2,0,0,57.6,46.2,27.6,18.4,9.6
34.7,d_20200101,12.8,6.2,1.2,0.5,0.1,0,52.6,42.6,28.2,19.7,10.5
30.3,d_20200201,22.8,15.8,7.5,4,1.1,0,47,37.7,24.2,16.7,8.6
30.6,d_20200301,21.5,15.3,6.8,3.1,0.5,0,47.8,38.7,25,18.1,11
27,d_20200401,22.3,15.6,6.3,2.7,0.6,0,50.7,40.3,24,15.9,7.7
31.1,d_20200501,21.6,14.7,6.2,2.9,0.5,0,47.4,37.4,20.5,13.3,6.3
37.4,d_20200601,24,16.7,7.3,3.3,0.6,0,38.5,30.2,18.3,12.7,6.9
34.9,d_20200701,28.2,18.1,6.6,2.6,0.5,0,36.9,27.3,13.3,7.3,3
31.4,d_20200801,35.4,26.2,13.2,7.1,2.5,0,33.3,25.4,14.6,9.6,4.9
26.9,d_20200901,42.3,34.1,21.8,14.2,6.8,0,30.8,24.6,15.3,10.7,5.5
27.3,d_20201001,44.1,35.9,24.4,17.5,9.9,0,28.6,22.6,15.2,10.5,5.2
29.5,d_20201101,43.7,35,23.4,16.8,9.5,0,26.8,19.3,9.6,5.6,2.6
31,d_20201201,47.1,39.2,28.4,22.5,15.6,0,21.9,14.9,7.3,4.7,2.8
34.4,d_20210101,46.4,37.8,25.4,19.7,14,0,19.2,11.2,5.1,3.5,2.2
33.7,d_20210201,48.7,39,26.5,20.1,13.1,0,17.7,11,5,3.4,2.2
31,d_20210301,53.2,44.1,29.3,22.4,14.5,0,15.9,9.3,3.6,2.4,1.4
27.2,d_20210401,56,46.6,31.9,24.3,14.8,0,16.8,10.6,4.9,3.1,1.7
32.7,d_20210501,48.7,39.3,24.6,17.4,9.6,0,18.6,10.9,3.9,1.8,0.5
34.7,d_20210601,46.9,38.5,25.2,17,7.8,0,18.5,9.9,3.2,1.7,0.6
34.5,d_20210701,41,32.7,20.2,13.6,6.8,0,24.5,15.1,5.2,2.3,0.8
30.4,d_20210801,38.6,29.9,16.1,9.7,3.9,0,31,21.8,9.1,4.4,1.6
33.5,d_20210901,37.2,28.4,15.2,9.1,3.2,0,29.4,19.3,8.5,4.4,1.6
38.5,d_20211001,27.8,18.8,8.4,4.1,1.4,0,33.7,23.8,12.4,7.8,3.6
39.4,d_20211101,32.3,22.2,9.8,5.3,1.9,0,28.4,19.3,8.9,5.3,2.3
43.3,d_20211201,27.1,17,5.9,2.6,0.6,0,29.7,19.8,8.3,4.4,1.9
46.6,d_20220101,25.9,15.7,4.9,1.9,0.4,0,27.4,17.9,7,3.8,1.2
38.9,d_20220201,34.9,22,7.9,3.7,1.5,0,26.3,18.6,9.8,6.3,2.8
39.6,d_20220301,34.5,22.4,7.3,3.2,0.8,0,26.1,17.8,8.4,4.8,2
36,d_20220401,38.7,27.3,13.2,7.8,3.4,0,25.3,17.5,8.2,4.6,2.3
34.4,d_20220501,40.9,30.4,16.4,10.9,5.1,0,24.8,16.7,7.8,4.7,2.5
37.3,d_20220601,41.7,30.3,15.7,9.2,4.1,0,21.1,13.2,5.3,2.9,1.4
35.2,d_20220701,50.4,38.1,20.5,13,6.5,0,14.5,8,2.5,1.3,0.5
40,d_20220801,36.3,24.3,10.8,6,2.6,0,23.8,13.7,4.6,2,0.6
40,d_20220901,42.3,31.1,15.8,9.6,4.6,0,17.7,9.4,3,1.1,0.2
41.3,d_20221001,39.7,28.1,13.4,7.6,3.1,0,19.1,10.7,3,1.1,0.2
48.6,d_20221101,31.9,20,8.2,4,1.5,0,19.5,10.3,3.1,1.2,0.2
49.2,d_20221201,24.3,15.9,6.9,3.7,1.6,0,26.5,14,3.9,1.4,0.4
46.1,d_20230101,21.8,12.1,3.5,1.5,0.5,0,32.1,20.8,7.9,3.8,1.1
41.8,d_20230201,28.1,16.8,5.1,2.1,0.5,0,30.2,20.5,8.8,4.5,1.3
39.4,d_20230301,22,13.3,5,2.6,0.9,0,38.8,27.3,12.3,7.5,3.3
36.2,d_20230401,24.6,15.9,7.3,4.7,2.2,0,39.2,27,10.7,5.6,1.8
47,d_20230501,23.2,13.4,4.1,1.7,0.5,0,29.8,17.4,6.4,3.4,1.1
