year,StateAbbreviation,abnormaly_dry,severe_drought,extreme_drought
2000,AK,4.333333333333333,0.0,0.0
2000,AL,100.0,94.5562962962963,66.29370370370371
2000,AR,63.46037037037037,30.695555555555554,12.95111111111111
2000,AZ,52.49962962962963,1.82,0.0
2000,CA,7.491111111111111,0.0,0.0
2000,CO,64.16148148148147,1.585925925925926,0.025185185185185185
2000,CT,2.2037037037037037,0.0,0.0
2000,DC,14.542592592592591,0.0,0.0
2000,DE,4.29962962962963,0.0,0.0
2000,FL,92.27074074074073,54.63666666666667,27.6537037037037
2000,GA,96.67666666666666,74.63222222222223,39.14370370370371
2000,HI,58.21666666666666,28.455925925925925,6.067407407407408
2000,IA,58.446666666666665,8.786296296296296,0.8885185185185186
2000,ID,59.97185185185185,4.737037037037037,0.09481481481481481
2000,IL,3.8537037037037036,0.0,0.0
2000,IN,0.13814814814814816,0.0,0.0
2000,KS,54.98259259259259,13.867037037037038,0.778148148148148
2000,KY,42.907407407407405,0.4388888888888889,0.0
2000,LA,79.99592592592592,55.58148148148148,33.547777777777775
2000,MA,0.0,0.0,0.0
2000,MD,9.837037037037037,0.0,0.0
2000,ME,4.591111111111111,0.0,0.0
2000,MI,24.409259259259258,0.0,0.0
2000,MN,14.322962962962963,0.0,0.0
2000,MO,34.65518518518519,2.677037037037037,0.07222222222222223
2000,MS,95.89888888888889,70.23592592592593,47.39703703703704
2000,MT,74.88037037037037,25.973333333333333,2.419259259259259
2000,NC,47.7337037037037,18.8,6.563703703703704
2000,ND,3.0229629629629633,0.0,0.0
2000,NE,98.86555555555555,35.897777777777776,5.811111111111111
2000,NH,0.0,0.0,0.0
2000,NJ,3.7037037037037037,0.0,0.0
2000,NM,65.07000000000001,9.347037037037037,0.041111111111111105
2000,NV,41.37777777777778,0.0,0.0
2000,NY,0.1837037037037037,0.0,0.0
2000,OH,2.558148148148148,0.0,0.0
2000,OK,37.83259259259259,14.524444444444445,0.0
2000,OR,11.325555555555557,0.0,0.0
2000,PA,7.338518518518518,0.0,0.0
2000,PR,30.062222222222225,0.0,0.0
2000,RI,0.6022222222222223,0.0,0.0
2000,SC,81.33074074074074,44.12222222222222,16.554814814814815
2000,SD,30.085185185185182,0.09037037037037036,0.0
2000,TN,92.37925925925927,44.12444444444444,10.797407407407407
2000,TX,73.43962962962964,27.83185185185185,5.612222222222222
2000,UT,70.37333333333333,1.3192592592592591,0.0
2000,VA,30.376296296296296,4.982592592592592,0.18185185185185185
2000,VT,0.0,0.0,0.0
2000,WA,2.487037037037037,0.0,0.0
2000,WI,6.501851851851852,0.0,0.0
2000,WV,27.45777777777778,0.6544444444444445,0.0
2000,WY,88.10629629629629,1.2722222222222224,0.0
2001,AK,0.23192307692307693,0.0,0.0
2001,AL,29.685384615384617,3.9303846153846154,0.0
2001,AR,32.66961538461538,2.7359615384615386,0.0
2001,AZ,2.0115384615384615,0.0,0.0
2001,CA,45.49115384615384,14.69173076923077,6.960192307692308
2001,CO,18.323653846153846,0.0,0.0
2001,CT,38.57211538461539,2.717884615384615,0.0
2001,DC,26.923076923076923,1.9230769230769231,0.0
2001,DE,28.56230769230769,3.791346153846154,0.0
2001,FL,66.28365384615384,40.57480769230769,28.642884615384617
2001,GA,75.5325,19.14173076923077,0.22692307692307695
2001,HI,63.85788461538462,14.04673076923077,1.1771153846153846
2001,IA,18.682884615384616,0.4957692307692308,0.0
2001,ID,92.79019230769231,73.20903846153846,22.10307692307692
2001,IL,16.741346153846155,1.0401923076923079,0.0
2001,IN,16.829038461538463,1.651346153846154,0.0
2001,KS,22.105576923076924,0.7190384615384615,0.0
2001,KY,43.63288461538461,3.9959615384615383,0.0
2001,LA,14.491538461538463,0.3744230769230769,0.0
2001,MA,34.65134615384615,0.8286538461538462,0.0
2001,MD,33.23653846153846,2.0473076923076925,0.0
2001,ME,60.87230769230769,16.35153846153846,2.2846153846153845
2001,MI,15.090576923076924,0.3825,0.0
2001,MN,7.054038461538462,0.0,0.0
2001,MO,18.435384615384613,2.123653846153846,0.0
2001,MS,17.127692307692307,0.6534615384615384,0.0
2001,MT,90.85326923076923,56.67923076923077,18.543653846153845
2001,NC,70.58519230769231,32.4875,9.265384615384615
2001,ND,15.714230769230769,0.0,0.0
2001,NE,38.638653846153844,0.446923076923077,0.0
2001,NH,45.926923076923075,15.790576923076923,0.0
2001,NJ,36.568461538461534,2.6953846153846155,0.0
2001,NM,38.22634615384615,3.973846153846154,0.37307692307692303
2001,NV,67.22403846153847,29.226923076923075,19.076153846153847
2001,NY,38.73576923076923,1.9688461538461537,0.0
2001,OH,22.137500000000003,0.8721153846153845,0.0
2001,OK,34.38480769230769,2.700384615384615,0.0
2001,OR,92.435,57.97634615384615,22.345576923076923
2001,PA,53.16903846153846,1.2132692307692308,0.0
2001,PR,12.559807692307693,0.0,0.0
2001,RI,29.74307692307692,2.4717307692307693,0.0
2001,SC,90.8276923076923,36.49115384615384,5.830576923076923
2001,SD,16.560576923076923,0.0,0.0
2001,TN,61.755192307692305,10.554615384615385,0.6942307692307692
2001,TX,48.61730769230769,11.215000000000002,2.1309615384615386
2001,UT,45.59442307692307,5.420576923076923,1.6328846153846153
2001,VA,48.670192307692304,8.124038461538461,0.5700000000000001
2001,VT,46.2375,2.390769230769231,0.0
2001,WA,93.10576923076923,47.62692307692308,1.4969230769230768
2001,WI,7.4630769230769225,0.0,0.0
2001,WV,43.501730769230775,1.4911538461538463,0.04846153846153846
2001,WY,86.42538461538462,30.12519230769231,16.488846153846154
2002,AK,14.215283018867924,0.0,0.0
2002,AL,46.071132075471695,6.885283018867925,0.026226415094339626
2002,AR,14.68377358490566,0.0,0.0
2002,AZ,92.06830188679245,72.09150943396226,47.91415094339622
2002,CA,68.66603773584906,24.912641509433964,11.754716981132075
2002,CO,99.05471698113207,74.94735849056603,53.18905660377359
2002,CT,80.42188679245282,35.725660377358494,0.9184905660377358
2002,DC,94.06981132075471,54.53867924528302,17.31132075471698
2002,DE,91.12962264150943,65.94094339622642,25.10056603773585
2002,FL,32.287358490566035,1.3171698113207548,0.0
2002,GA,91.25094339622642,50.771509433962265,17.842264150943397
2002,HI,7.396981132075472,0.10150943396226415,0.0
2002,IA,30.50754716981132,0.43660377358490565,0.0
2002,ID,87.42981132075471,52.161509433962266,10.25132075471698
2002,IL,20.02622641509434,0.27433962264150946,0.0
2002,IN,28.662452830188677,1.9156603773584906,0.0
2002,KS,69.02716981132076,25.691132075471696,8.347169811320754
2002,KY,23.171886792452828,2.0171698113207546,0.0
2002,LA,28.340377358490564,3.5867924528301884,0.0
2002,MA,75.47018867924528,18.862264150943396,0.0
2002,MD,87.01433962264151,60.86962264150944,23.371509433962267
2002,ME,91.7645283018868,39.41301886792453,9.20433962264151
2002,MI,26.353396226415093,0.1150943396226415,0.0
2002,MN,20.896037735849056,0.0,0.0
2002,MO,32.07698113207547,4.826603773584906,0.16320754716981134
2002,MS,17.535471698113206,0.22924528301886793,0.0
2002,MT,95.96641509433962,62.291698113207545,34.79396226415094
2002,NC,88.74981132075472,55.42037735849057,22.462830188679245
2002,ND,63.711132075471696,2.11,0.1120754716981132
2002,NE,86.07056603773584,42.92981132075472,29.940377358490565
2002,NH,67.15283018867925,23.840943396226415,0.0
2002,NJ,89.19830188679245,54.07283018867925,19.92679245283019
2002,NM,97.77641509433961,44.07905660377359,23.75358490566038
2002,NV,98.96094339622643,41.210566037735845,10.601320754716982
2002,NY,30.602075471698114,3.41,0.17735849056603775
2002,OH,34.16264150943396,4.051320754716981,0.0
2002,OK,33.61830188679245,7.822264150943396,1.1058490566037735
2002,OR,69.56811320754717,19.35056603773585,0.5549056603773584
2002,PA,53.4488679245283,10.533018867924529,3.1577358490566034
2002,PR,20.950754716981134,0.0,0.0
2002,RI,82.59245283018868,25.983962264150946,0.0
2002,SC,93.57000000000001,69.74603773584906,47.507358490566034
2002,SD,77.39999999999999,25.320188679245284,11.41132075471698
2002,TN,29.65867924528302,2.0466037735849056,0.3560377358490566
2002,TX,44.594339622641506,11.544150943396227,4.197358490566038
2002,UT,99.46773584905661,60.23415094339622,26.35698113207547
2002,VA,89.92169811320755,54.444339622641515,20.6288679245283
2002,VT,43.425849056603774,1.6020754716981132,0.0
2002,WA,35.91735849056604,0.9045283018867926,0.02811320754716981
2002,WI,3.9662264150943396,0.0,0.0
2002,WV,50.60584905660377,8.493962264150943,1.6415094339622642
2002,WY,99.94301886792452,90.66301886792454,64.52528301886792
2003,AK,13.501538461538463,0.0,0.0
2003,AL,0.39826923076923076,0.0,0.0
2003,AR,19.384615384615383,0.0,0.0
2003,AZ,100.0,76.2175,39.04923076923077
2003,CA,44.769038461538464,12.610576923076923,2.2415384615384615
2003,CO,98.285,72.81596153846154,41.33557692307692
2003,CT,0.0,0.0,0.0
2003,DC,0.0,0.0,0.0
2003,DE,0.0,0.0,0.0
2003,FL,2.4596153846153848,0.0,0.0
2003,GA,9.574423076923077,0.0,0.0
2003,HI,78.02442307692307,18.788846153846155,0.0
2003,IA,77.05057692307693,25.540192307692305,5.233653846153846
2003,ID,89.68596153846154,74.6876923076923,43.90596153846154
2003,IL,36.596346153846156,7.671923076923077,0.0
2003,IN,17.478653846153847,4.175,0.0
2003,KS,74.21673076923076,28.37923076923077,5.998076923076923
2003,KY,0.11096153846153846,0.0,0.0
2003,LA,19.365576923076922,0.9740384615384615,0.0
2003,MA,0.0,0.0,0.0
2003,MD,0.0,0.0,0.0
2003,ME,51.236346153846156,0.0,0.0
2003,MI,53.12307692307692,9.624230769230769,0.0
2003,MN,79.26288461538462,9.267115384615384,2.4321153846153845
2003,MO,49.846346153846156,16.69423076923077,8.618461538461538
2003,MS,4.697115384615385,0.0,0.0
2003,MT,95.60442307692308,69.15461538461538,36.07596153846154
2003,NC,5.373461538461539,0.0,0.0
2003,ND,78.96442307692307,6.256923076923077,0.3317307692307692
2003,NE,95.92057692307692,61.114615384615384,26.56403846153846
2003,NH,20.215769230769233,0.0,0.0
2003,NJ,0.0,0.0,0.0
2003,NM,98.84673076923076,59.167500000000004,31.658076923076923
2003,NV,99.84076923076924,94.40211538461539,57.99288461538462
2003,NY,3.240576923076923,0.0,0.0
2003,OH,12.493076923076924,0.08903846153846154,0.0
2003,OK,58.340192307692305,1.8365384615384615,0.0
2003,OR,77.19115384615385,33.253846153846155,15.325769230769232
2003,PA,4.28,0.0,0.0
2003,PR,15.017884615384617,0.0,0.0
2003,RI,0.0,0.0,0.0
2003,SC,14.077884615384615,0.0,0.0
2003,SD,90.14461538461539,45.1475,16.874423076923076
2003,TN,0.08942307692307691,0.0,0.0
2003,TX,50.15634615384616,10.560192307692308,1.760576923076923
2003,UT,100.0,100.0,97.13173076923077
2003,VA,0.003076923076923077,0.0,0.0
2003,VT,12.79,0.0,0.0
2003,WA,59.68019230769231,3.394038461538462,0.0
2003,WI,66.29807692307692,8.899423076923076,1.363076923076923
2003,WV,0.8126923076923078,0.0,0.0
2003,WY,99.69403846153847,85.35653846153846,47.28576923076923
2004,AK,24.872500000000002,0.0,0.0
2004,AL,12.184807692307693,0.0,0.0
2004,AR,13.124423076923078,0.0,0.0
2004,AZ,100.0,72.61557692307692,42.90903846153846
2004,CA,68.70461538461538,10.727307692307694,0.0
2004,CO,92.14134615384616,36.144807692307694,12.249423076923078
2004,CT,0.7228846153846155,0.0,0.0
2004,DC,0.0,0.0,0.0
2004,DE,0.0,0.0,0.0
2004,FL,10.620576923076923,0.0,0.0
2004,GA,31.22384615384615,3.050961538461538,0.0
2004,HI,14.476730769230771,0.0,0.0
2004,IA,23.71173076923077,2.120576923076923,0.6215384615384616
2004,ID,84.51942307692308,56.68596153846154,41.09288461538461
2004,IL,6.23326923076923,0.0,0.0
2004,IN,7.887884615384616,0.0,0.0
2004,KS,45.784423076923076,18.73403846153846,8.033269230769232
2004,KY,1.3792307692307693,0.0,0.0
2004,LA,6.806538461538461,0.0,0.0
2004,MA,4.198846153846154,0.0,0.0
2004,MD,0.0,0.0,0.0
2004,ME,8.771923076923077,0.0,0.0
2004,MI,14.02,0.0,0.0
2004,MN,45.48365384615385,7.7092307692307696,0.806923076923077
2004,MO,10.558653846153845,1.2684615384615383,0.46692307692307694
2004,MS,4.8871153846153845,0.0,0.0
2004,MT,91.80557692307693,61.24807692307692,36.18538461538462
2004,NC,8.97096153846154,0.05884615384615385,0.0
2004,ND,63.49346153846154,11.199615384615385,0.047692307692307694
2004,NE,83.01173076923077,48.545,18.522884615384616
2004,NH,7.643461538461538,0.0,0.0
2004,NJ,0.0,0.0,0.0
2004,NM,90.2026923076923,61.07038461538461,30.214038461538458
2004,NV,99.67538461538462,82.29634615384614,33.598846153846154
2004,NY,1.7175,0.0,0.0
2004,OH,1.7969230769230768,0.0,0.0
2004,OK,26.54096153846154,1.75,0.2001923076923077
2004,OR,43.76442307692308,17.009423076923078,5.224615384615385
2004,PA,0.05326923076923077,0.0,0.0
2004,PR,0.39173076923076916,0.0,0.0
2004,RI,0.0,0.0,0.0
2004,SC,33.18038461538462,2.0498076923076924,0.0
2004,SD,78.13788461538462,30.14,4.400576923076923
2004,TN,1.466923076923077,0.0,0.0
2004,TX,19.29692307692308,4.168846153846154,1.646923076923077
2004,UT,100.0,88.14942307692307,47.863653846153845
2004,VA,0.055769230769230765,0.0,0.0
2004,VT,6.111538461538462,0.0,0.0
2004,WA,43.90826923076923,0.0,0.0
2004,WI,30.631923076923076,3.695192307692307,0.34307692307692306
2004,WV,0.0,0.0,0.0
2004,WY,99.515,88.72749999999999,36.21288461538462
2005,AK,4.088269230769231,0.0,0.0
2005,AL,6.6825,0.0,0.0
2005,AR,61.08615384615385,20.07730769230769,3.9265384615384615
2005,AZ,62.16307692307692,6.117500000000001,1.4386538461538463
2005,CA,5.199423076923077,0.059807692307692305,0.0
2005,CO,48.44538461538461,2.558846153846154,0.0
2005,CT,24.251346153846153,0.0,0.0
2005,DC,11.597307692307691,0.0,0.0
2005,DE,10.096923076923076,0.0,0.0
2005,FL,9.124615384615385,0.0,0.0
2005,GA,3.669807692307692,0.0,0.0
2005,HI,37.708461538461535,0.0,0.0
2005,IA,37.83769230769231,10.738461538461538,3.0859615384615386
2005,ID,96.96403846153846,43.78057692307693,15.939038461538463
2005,IL,54.35923076923076,22.89653846153846,13.992307692307692
2005,IN,27.79269230769231,1.3315384615384613,0.0
2005,KS,24.403653846153848,2.316730769230769,0.0
2005,KY,36.480384615384615,6.38673076923077,0.0
2005,LA,40.605000000000004,1.625,0.2
2005,MA,8.553653846153846,0.0,0.0
2005,MD,12.059615384615386,0.0,0.0
2005,ME,0.09134615384615384,0.0,0.0
2005,MI,53.54788461538462,6.575384615384616,0.0
2005,MN,16.497692307692308,0.04230769230769231,0.0
2005,MO,38.799615384615386,5.403846153846154,1.0398076923076922
2005,MS,22.143846153846155,1.0648076923076923,0.0
2005,MT,86.86288461538462,37.47461538461538,17.742115384615385
2005,NC,22.295769230769228,1.1140384615384615,0.0
2005,ND,41.74153846153846,7.083269230769231,0.22923076923076924
2005,NE,74.23307692307692,13.189423076923076,0.02576923076923077
2005,NH,1.0917307692307692,0.0,0.0
2005,NJ,12.915961538461538,0.0,0.0
2005,NM,65.16,6.029038461538462,1.8038461538461539
2005,NV,31.573076923076922,7.168461538461538,1.0353846153846153
2005,NY,14.065384615384614,0.0,0.0
2005,OH,20.64423076923077,0.863076923076923,0.0
2005,OK,40.7425,7.234807692307693,1.0555769230769232
2005,OR,81.99442307692308,32.58769230769231,0.8153846153846154
2005,PA,22.24230769230769,0.0,0.0
2005,PR,8.846346153846154,0.0,0.0
2005,RI,13.374423076923078,0.0,0.0
2005,SC,14.463846153846154,0.04692307692307692,0.0
2005,SD,61.30019230769231,10.577692307692306,2.829038461538462
2005,TN,27.787307692307692,0.09749999999999999,0.0
2005,TX,37.58326923076923,9.271346153846155,2.0859615384615386
2005,UT,39.83153846153846,4.9659615384615385,0.8267307692307693
2005,VA,16.603653846153847,0.19403846153846155,0.0
2005,VT,1.666923076923077,0.0,0.0
2005,WA,80.67076923076924,38.03865384615385,2.4211538461538464
2005,WI,52.42673076923077,7.165384615384615,0.33999999999999997
2005,WV,18.79019230769231,0.065,0.0
2005,WY,92.60769230769232,46.07884615384615,15.094807692307691
2006,AK,15.76173076923077,0.0,0.0
2006,AL,51.90865384615385,16.123846153846152,3.946538461538461
2006,AR,82.21038461538461,23.27,6.393846153846154
2006,AZ,98.1273076923077,53.00230769230769,22.135384615384616
2006,CA,14.369423076923077,0.005,0.0
2006,CO,76.83076923076922,18.493076923076924,3.2373076923076924
2006,CT,10.790000000000001,0.0,0.0
2006,DC,26.923076923076923,0.0,0.0
2006,DE,31.413653846153846,0.0,0.0
2006,FL,53.535000000000004,2.8969230769230765,0.908076923076923
2006,GA,62.15538461538461,5.34,0.01173076923076923
2006,HI,38.27576923076923,0.0,0.0
2006,IA,54.0125,9.704615384615384,0.6009615384615384
2006,ID,27.626346153846153,0.021923076923076927,0.0
2006,IL,38.73288461538462,9.187884615384615,1.7109615384615384
2006,IN,5.3375,0.3098076923076923,0.0
2006,KS,87.2176923076923,11.626346153846155,1.4771153846153846
2006,KY,24.670384615384613,0.9217307692307694,0.0
2006,LA,70.53846153846153,14.178461538461537,6.326538461538462
2006,MA,12.565576923076922,0.0,0.0
2006,MD,29.760961538461537,0.0,0.0
2006,ME,2.6376923076923076,0.0,0.0
2006,MI,17.49980769230769,0.7386538461538461,0.0
2006,MN,42.45403846153847,22.504038461538464,16.302307692307693
2006,MO,75.86923076923077,10.7675,2.353269230769231
2006,MS,51.22038461538462,16.262115384615385,3.615192307692308
2006,MT,55.363076923076925,15.765384615384615,1.8115384615384615
2006,NC,42.99865384615384,2.224423076923077,0.0
2006,ND,62.6925,17.636923076923075,2.683076923076923
2006,NE,88.44307692307692,31.799038461538462,14.526730769230769
2006,NH,4.837115384615384,0.0,0.0
2006,NJ,21.80596153846154,0.0,0.0
2006,NM,76.53903846153847,36.377884615384616,15.798653846153845
2006,NV,5.820384615384615,0.0,0.0
2006,NY,6.048269230769231,0.0,0.0
2006,OH,6.519807692307692,0.0,0.0
2006,OK,97.59788461538461,64.05038461538462,27.251923076923074
2006,OR,1.7476923076923077,0.0,0.0
2006,PA,14.42923076923077,0.0,0.0
2006,PR,9.23673076923077,0.0,0.0
2006,RI,15.383076923076922,0.0,0.0
2006,SC,40.23769230769231,2.5925000000000002,0.0
2006,SD,76.29230769230769,32.82134615384616,14.053461538461537
2006,TN,33.49269230769231,0.43230769230769234,0.0
2006,TX,86.36038461538462,52.975769230769224,27.038653846153846
2006,UT,19.463076923076922,0.05653846153846154,0.0
2006,VA,34.23923076923077,0.23153846153846155,0.0
2006,VT,0.1223076923076923,0.0,0.0
2006,WA,16.845192307692308,0.0,0.0
2006,WI,36.00576923076923,4.090576923076923,0.6661538461538462
2006,WV,23.23576923076923,0.0,0.0
2006,WY,88.81788461538461,31.49211538461538,17.63326923076923
2007,AK,28.349423076923074,0.0,0.0
2007,AL,86.2801923076923,57.47153846153846,44.69519230769231
2007,AR,35.77365384615385,2.5246153846153847,0.3421153846153846
2007,AZ,94.39807692307691,54.75942307692307,18.635384615384616
2007,CA,91.41884615384615,50.981153846153845,24.48923076923077
2007,CO,34.96115384615385,1.1213461538461538,0.0015384615384615385
2007,CT,25.36423076923077,0.0,0.0
2007,DC,53.84615384615385,13.461538461538462,1.4796153846153846
2007,DE,49.684230769230766,7.6923076923076925,0.0
2007,FL,82.38250000000001,22.89153846153846,6.144038461538462
2007,GA,85.34980769230768,46.8975,31.743653846153848
2007,HI,80.50057692307692,3.178846153846154,0.0
2007,IA,11.996346153846154,0.32019230769230766,0.0
2007,ID,79.30884615384616,37.85288461538461,6.958076923076923
2007,IL,25.48769230769231,2.742692307692308,0.08538461538461538
2007,IN,31.306346153846157,8.099807692307692,1.749423076923077
2007,KS,19.869807692307692,0.5382692307692308,0.19365384615384615
2007,KY,68.07576923076923,34.70461538461539,18.01326923076923
2007,LA,31.404038461538462,0.05846153846153846,0.0
2007,MA,23.135961538461537,0.0,0.0
2007,MD,52.26576923076924,10.077115384615384,0.12557692307692309
2007,ME,4.286346153846154,0.0,0.0
2007,MI,48.26711538461538,9.02576923076923,1.2638461538461538
2007,MN,65.265,23.91769230769231,12.183461538461538
2007,MO,27.54423076923077,2.0507692307692307,0.3961538461538462
2007,MS,66.56711538461539,20.90692307692308,8.87903846153846
2007,MT,70.51846153846154,20.306153846153848,3.3646153846153846
2007,NC,76.50038461538462,38.1325,25.940384615384616
2007,ND,62.89903846153846,9.699038461538462,0.3601923076923077
2007,NE,39.347307692307695,14.82423076923077,6.814230769230769
2007,NH,3.861346153846154,0.0,0.0
2007,NJ,14.8875,0.0,0.0
2007,NM,26.196538461538463,1.941153846153846,0.0
2007,NV,95.015,54.40346153846154,4.775384615384615
2007,NY,13.447884615384615,0.9967307692307692,0.0
2007,OH,30.68596153846154,4.618846153846154,1.4415384615384614
2007,OK,21.501730769230768,3.6221153846153844,1.01
2007,OR,50.75961538461539,14.882115384615386,0.5198076923076923
2007,PA,20.63576923076923,0.0,0.0
2007,PR,23.529230769230768,0.0,0.0
2007,RI,34.130961538461534,0.0,0.0
2007,SC,76.02442307692307,30.335576923076925,19.377307692307692
2007,SD,56.654038461538455,19.451153846153847,2.5707692307692307
2007,TN,86.57615384615384,55.292692307692306,39.62980769230769
2007,TX,22.857307692307693,5.855769230769231,3.5290384615384616
2007,UT,89.93307692307692,35.62365384615385,0.0
2007,VA,60.222115384615385,16.432692307692307,4.835192307692308
2007,VT,4.0255769230769225,0.0,0.0
2007,WA,21.9375,1.0638461538461539,0.043653846153846154
2007,WI,53.49846153846154,7.167692307692308,0.8842307692307692
2007,WV,60.09826923076923,7.194615384615385,0.6413461538461539
2007,WY,90.53615384615385,53.528269230769226,16.94
2008,AK,22.15698113207547,0.0,0.0
2008,AL,79.14584905660377,32.32037735849057,14.913396226415093
2008,AR,6.2390566037735855,0.0,0.0
2008,AZ,45.1077358490566,2.079622641509434,0.0
2008,CA,89.90415094339623,28.81754716981132,0.6269811320754718
2008,CO,52.41094339622642,2.4188679245283016,0.5901886792452831
2008,CT,5.788490566037736,0.0,0.0
2008,DC,34.371886792452834,0.0,0.0
2008,DE,44.447735849056606,0.6824528301886793,0.0
2008,FL,44.471698113207545,6.3324528301886795,0.660377358490566
2008,GA,79.17622641509435,43.71660377358491,19.55188679245283
2008,HI,80.30264150943397,18.073962264150943,4.145471698113208
2008,IA,4.310754716981132,0.0,0.0
2008,ID,72.46773584905661,10.441320754716982,0.0
2008,IL,1.8666037735849057,0.0,0.0
2008,IN,10.530754716981132,0.0,0.0
2008,KS,23.146037735849056,2.243584905660377,0.9415094339622642
2008,KY,44.81792452830189,12.43943396226415,2.0530188679245285
2008,LA,35.10377358490566,1.2558490566037737,0.0
2008,MA,5.349811320754718,0.0,0.0
2008,MD,31.119056603773583,3.403018867924528,0.0
2008,ME,0.7750943396226415,0.0,0.0
2008,MI,20.18679245283019,0.8679245283018868,0.0
2008,MN,40.717547169811326,0.12735849056603774,0.0
2008,MO,1.7411320754716981,0.0,0.0
2008,MS,36.21245283018868,0.18415094339622642,0.0
2008,MT,64.4388679245283,8.48,0.36754716981132074
2008,NC,83.91943396226414,45.795471698113204,28.703584905660378
2008,ND,70.87471698113208,28.936037735849055,10.565283018867925
2008,NE,25.731698113207546,3.3492452830188677,0.6166037735849057
2008,NH,3.950566037735849,0.0,0.0
2008,NJ,18.67188679245283,0.0,0.0
2008,NM,50.05415094339622,5.689622641509434,1.2752830188679245
2008,NV,100.0,31.26735849056604,0.16056603773584904
2008,NY,2.8643396226415097,0.0,0.0
2008,OH,26.199056603773585,0.0,0.0
2008,OK,28.7011320754717,2.764339622641509,1.2635849056603774
2008,OR,55.48452830188679,6.249056603773584,0.0
2008,PA,13.178301886792454,0.0,0.0
2008,PR,23.967169811320755,0.0,0.0
2008,RI,16.9811320754717,0.0,0.0
2008,SC,82.76320754716981,41.691320754716976,27.405849056603774
2008,SD,32.74811320754717,3.668679245283019,0.0
2008,TN,70.24471698113209,38.83641509433962,16.089056603773585
2008,TX,62.12735849056604,19.09603773584906,7.6324528301886785
2008,UT,49.586037735849054,7.405094339622642,0.0
2008,VA,63.204905660377364,14.730377358490566,1.3324528301886793
2008,VT,1.5286792452830187,0.0,0.0
2008,WA,20.710566037735852,0.0,0.0
2008,WI,37.55622641509434,5.24245283018868,0.0
2008,WV,30.769056603773585,1.31,0.0
2008,WY,67.63641509433963,12.368301886792452,0.0
2009,AK,11.975961538461538,0.0,0.0
2009,AL,17.338846153846156,0.0,0.0
2009,AR,2.5651923076923078,0.0,0.0
2009,AZ,71.29634615384614,15.069807692307693,0.615
2009,CA,96.39115384615386,36.0323076923077,2.0828846153846152
2009,CO,36.520961538461535,0.06076923076923077,0.0
2009,CT,8.198076923076924,0.0,0.0
2009,DC,25.0,0.0,0.0
2009,DE,28.876153846153844,0.0,0.0
2009,FL,37.08096153846154,8.832692307692309,1.2771153846153847
2009,GA,25.966923076923077,2.148269230769231,0.7832692307692308
2009,HI,76.77326923076923,30.192115384615384,3.740576923076923
2009,IA,3.515961538461539,0.0,0.0
2009,ID,37.66961538461538,0.0,0.0
2009,IL,0.07365384615384615,0.0,0.0
2009,IN,2.830576923076923,0.0,0.0
2009,KS,15.037692307692309,0.14865384615384614,0.0
2009,KY,6.9721153846153845,0.0,0.0
2009,LA,37.37730769230769,0.19384615384615383,0.0
2009,MA,2.397307692307692,0.0,0.0
2009,MD,26.169423076923074,0.0,0.0
2009,ME,0.0,0.0,0.0
2009,MI,21.713461538461537,2.9000000000000004,0.0
2009,MN,39.32442307692308,1.3055769230769232,0.08346153846153846
2009,MO,0.00576923076923077,0.0,0.0
2009,MS,13.926923076923078,0.0,0.0
2009,MT,31.216923076923077,0.5017307692307692,0.0
2009,NC,45.47365384615385,1.7490384615384615,0.005961538461538462
2009,ND,15.161923076923076,0.0,0.0
2009,NE,11.337307692307691,0.0,0.0
2009,NH,0.0,0.0,0.0
2009,NJ,14.1875,0.0,0.0
2009,NM,46.42442307692308,3.6950000000000003,0.0
2009,NV,85.81134615384615,12.635576923076922,0.0
2009,NY,3.2378846153846155,0.0,0.0
2009,OH,16.083846153846153,0.0,0.0
2009,OK,35.23903846153846,5.1825,0.0
2009,OR,60.613076923076925,1.5001923076923078,0.0
2009,PA,18.307115384615386,0.0,0.0
2009,PR,2.661538461538462,0.0,0.0
2009,RI,2.2988461538461538,0.0,0.0
2009,SC,39.450192307692305,4.921923076923077,1.9996153846153848
2009,SD,4.885192307692308,0.0,0.0
2009,TN,13.435,0.036538461538461534,0.0
2009,TX,61.20076923076923,27.56576923076923,16.396730769230768
2009,UT,34.85788461538462,0.7940384615384615,0.0
2009,VA,31.765961538461536,0.0,0.0
2009,VT,0.06307692307692307,0.0,0.0
2009,WA,60.40615384615384,3.808076923076923,0.0
2009,WI,66.6401923076923,22.56230769230769,1.4442307692307692
2009,WV,23.549230769230768,0.0,0.0
2009,WY,24.250576923076924,0.0,0.0
2010,AK,33.00846153846154,0.0,0.0
2010,AL,41.94826923076923,9.373269230769232,2.0240384615384617
2010,AR,42.87980769230769,13.612307692307693,1.3907692307692305
2010,AZ,64.32961538461538,8.702884615384615,0.5336538461538461
2010,CA,25.097884615384615,3.1396153846153845,0.0
2010,CO,34.6475,0.9801923076923077,0.0
2010,CT,25.307692307692307,0.0,0.0
2010,DC,13.461538461538462,0.0,0.0
2010,DE,22.850192307692307,0.720576923076923,0.0
2010,FL,27.305384615384614,7.374038461538461,1.8773076923076923
2010,GA,36.9625,6.406923076923078,0.5486538461538462
2010,HI,86.03480769230768,41.43192307692308,22.968653846153845
2010,IA,0.0,0.0,0.0
2010,ID,50.05423076923077,2.6359615384615385,0.0
2010,IL,11.652692307692309,0.17557692307692305,0.0
2010,IN,32.169230769230765,7.043461538461538,1.3401923076923077
2010,KS,12.976923076923075,0.18307692307692308,0.0
2010,KY,32.21192307692308,5.8088461538461535,0.47673076923076924
2010,LA,59.97519230769231,24.265192307692306,9.664423076923077
2010,MA,18.68673076923077,0.0,0.0
2010,MD,24.448461538461537,2.8346153846153848,0.21
2010,ME,12.026538461538461,0.0,0.0
2010,MI,33.65923076923077,5.722884615384615,1.3074999999999999
2010,MN,21.411730769230772,1.9303846153846154,0.0
2010,MO,10.235000000000001,1.5634615384615385,0.6511538461538462
2010,MS,41.56480769230769,8.790384615384616,0.6896153846153846
2010,MT,25.411346153846157,0.8153846153846154,0.0
2010,NC,38.19923076923077,0.4273076923076923,0.0
2010,ND,1.0215384615384617,0.0,0.0
2010,NE,9.525576923076922,0.0,0.0
2010,NH,13.942307692307692,0.0,0.0
2010,NJ,32.18730769230769,2.1146153846153846,0.0
2010,NM,35.50653846153846,0.16076923076923075,0.0
2010,NV,78.19192307692308,5.605192307692307,0.0
2010,NY,11.764615384615384,0.0,0.0
2010,OH,23.219807692307693,1.1090384615384616,0.0
2010,OK,24.841153846153848,0.15019230769230768,0.0
2010,OR,39.06,2.386346153846154,0.0
2010,PA,24.556346153846157,0.20134615384615387,0.0
2010,PR,0.1676923076923077,0.0,0.0
2010,RI,9.26,0.0,0.0
2010,SC,39.29673076923077,0.012692307692307694,0.0
2010,SD,2.331153846153846,0.0,0.0
2010,TN,28.197115384615383,4.797884615384616,0.9101923076923076
2010,TX,27.175192307692306,3.7417307692307693,0.5626923076923077
2010,UT,44.339807692307694,0.3092307692307692,0.0
2010,VA,31.920576923076922,5.866538461538462,0.06076923076923077
2010,VT,5.791538461538461,0.0,0.0
2010,WA,25.980384615384615,1.044423076923077,0.0
2010,WI,27.469615384615388,5.7817307692307685,0.9523076923076922
2010,WV,30.76576923076923,2.145,0.5761538461538461
2010,WY,49.71961538461539,4.049038461538462,0.0
2011,AK,13.256346153846154,0.0,0.0
2011,AL,70.78326923076924,31.701538461538462,11.39846153846154
2011,AR,75.66961538461538,31.63423076923077,10.073076923076922
2011,AZ,85.02250000000001,30.500576923076924,13.531346153846155
2011,CA,8.9525,0.0,0.0
2011,CO,47.461730769230776,24.035961538461535,5.8494230769230775
2011,CT,0.0,0.0,0.0
2011,DC,34.04038461538461,0.0,0.0
2011,DE,37.52826923076923,0.8646153846153847,0.0
2011,FL,77.71365384615385,39.78576923076923,16.765384615384615
2011,GA,93.38057692307692,60.528653846153844,41.862115384615386
2011,HI,70.4351923076923,11.673846153846153,1.2257692307692307
2011,IA,28.945769230769233,6.087884615384615,0.0
2011,ID,1.7473076923076922,0.0,0.0
2011,IL,19.891153846153845,3.2707692307692304,0.0
2011,IN,33.9725,0.48384615384615387,0.0
2011,KS,79.77692307692307,30.990384615384617,14.358269230769231
2011,KY,18.313076923076924,1.2413461538461539,0.0
2011,LA,93.11192307692308,65.53653846153847,44.51153846153846
2011,MA,0.0026923076923076926,0.0,0.0
2011,MD,34.155,0.7430769230769231,0.0
2011,ME,1.7049999999999998,0.0,0.0
2011,MI,21.65557692307692,0.13596153846153847,0.0
2011,MN,30.50326923076923,5.313076923076922,0.0
2011,MO,34.80634615384616,3.0290384615384616,0.20615384615384616
2011,MS,63.5575,10.107115384615385,2.6661538461538465
2011,MT,2.5378846153846153,0.0,0.0
2011,NC,63.985,10.225000000000001,1.4553846153846155
2011,ND,8.229423076923077,0.0,0.0
2011,NE,27.35576923076923,0.21596153846153843,0.0
2011,NH,3.691730769230769,0.0,0.0
2011,NJ,2.865769230769231,0.0,0.0
2011,NM,96.63057692307692,71.14596153846153,47.840769230769226
2011,NV,7.726346153846153,0.0,0.0
2011,NY,7.457884615384615,0.0,0.0
2011,OH,5.111730769230769,0.0,0.0
2011,OK,93.71480769230769,61.198461538461544,43.05288461538461
2011,OR,5.3403846153846155,0.0,0.0
2011,PA,10.943269230769232,0.0,0.0
2011,PR,3.894615384615385,0.0,0.0
2011,RI,0.0,0.0,0.0
2011,SC,92.20057692307692,23.76576923076923,11.425
2011,SD,12.954423076923076,0.28519230769230763,0.0
2011,TN,27.849230769230772,2.066538461538461,0.39038461538461533
2011,TX,96.83403846153846,82.2698076923077,67.64923076923077
2011,UT,4.637884615384615,0.0,0.0
2011,VA,36.27076923076923,0.052307692307692305,0.0
2011,VT,6.5807692307692305,0.0,0.0
2011,WA,3.8288461538461536,0.0,0.0
2011,WI,13.308846153846154,0.0,0.0
2011,WV,13.876346153846153,0.0,0.0
2011,WY,8.050384615384615,0.0,0.0
2012,AK,18.070576923076924,0.0,0.0
2012,AL,56.52557692307692,21.986538461538462,12.905961538461538
2012,AR,60.42673076923077,39.536346153846154,23.978076923076927
2012,AZ,98.8076923076923,55.91615384615385,11.057307692307692
2012,CA,87.21557692307692,21.463461538461537,0.33865384615384614
2012,CO,90.98711538461538,59.895384615384614,32.02384615384615
2012,CT,45.05538461538462,6.053461538461539,0.0
2012,DC,55.76923076923077,0.0,0.0
2012,DE,62.614615384615384,23.928076923076922,0.0
2012,FL,52.44576923076923,24.727692307692305,10.43923076923077
2012,GA,83.71942307692308,63.64,46.79038461538461
2012,HI,75.97692307692309,28.58673076923077,8.1675
2012,IA,74.03019230769232,48.28115384615384,23.752884615384616
2012,ID,50.56288461538462,0.3298076923076923,0.0
2012,IL,60.176538461538456,24.088076923076922,10.398269230769232
2012,IN,50.224999999999994,18.91423076923077,8.528269230769231
2012,KS,79.32307692307693,57.28807692307692,42.35173076923077
2012,KY,41.06038461538461,10.53519230769231,4.543461538461538
2012,LA,41.677692307692304,8.125384615384615,3.3109615384615383
2012,MA,44.73596153846154,3.832307692307692,0.0
2012,MD,48.331346153846155,4.190961538461538,0.0
2012,ME,27.614038461538463,0.0,0.0
2012,MI,43.56019230769231,1.9913461538461539,0.09307692307692307
2012,MN,84.08192307692308,27.361346153846153,6.809615384615385
2012,MO,61.73288461538462,35.50961538461539,14.813076923076922
2012,MS,23.056923076923077,2.4723076923076923,0.49480769230769234
2012,MT,42.96134615384616,11.171730769230768,1.9303846153846154
2012,NC,54.75884615384616,0.7457692307692307,0.0
2012,ND,81.3901923076923,13.256346153846154,0.3676923076923077
2012,NE,70.86461538461539,48.448846153846155,41.862884615384615
2012,NH,27.934615384615384,0.02346153846153846,0.0
2012,NJ,28.343653846153845,0.0,0.0
2012,NM,97.4996153846154,71.04826923076922,21.743846153846157
2012,NV,98.94500000000001,53.90134615384615,12.451153846153847
2012,NY,36.31192307692308,0.21596153846153848,0.0
2012,OH,37.40326923076923,2.803653846153846,0.06615384615384615
2012,OK,79.59461538461538,58.81461538461539,43.17269230769231
2012,OR,49.004423076923075,2.2476923076923074,0.09769230769230769
2012,PA,19.432692307692307,0.0,0.0
2012,PR,9.035961538461539,0.0,0.0
2012,RI,36.300384615384615,4.230961538461538,0.0
2012,SC,89.26653846153846,33.23211538461538,13.114423076923078
2012,SD,79.79788461538462,37.42769230769231,20.81692307692308
2012,TN,40.50769230769231,9.570192307692308,2.479807692307692
2012,TX,90.50942307692307,49.744038461538466,26.418653846153845
2012,UT,94.09211538461538,46.37576923076923,14.340961538461539
2012,VA,44.322692307692314,0.06807692307692308,0.0
2012,VT,38.94480769230769,0.0,0.0
2012,WA,17.53596153846154,0.0,0.0
2012,WI,56.91192307692308,14.070769230769232,2.5598076923076927
2012,WV,16.920384615384616,0.0,0.0
2012,WY,68.95288461538462,41.49269230769231,22.80096153846154
2013,AK,40.69754716981132,0.7132075471698113,0.0
2013,AL,17.50566037735849,2.309811320754717,0.8847169811320755
2013,AR,43.46792452830189,8.092830188679246,1.78
2013,AZ,94.54415094339623,42.081698113207544,9.583396226415095
2013,CA,93.77584905660378,61.75698113207547,6.644716981132076
2013,CO,91.71471698113207,60.89132075471698,27.88169811320755
2013,CT,34.5411320754717,0.0,0.0
2013,DC,9.433962264150944,0.0,0.0
2013,DE,0.3988679245283019,0.0,0.0
2013,FL,32.467358490566035,2.349811320754717,0.05320754716981132
2013,GA,29.970188679245286,11.707924528301886,5.532075471698113
2013,HI,75.7222641509434,19.784339622641507,4.24377358490566
2013,IA,72.45490566037736,26.33377358490566,8.346415094339623
2013,ID,76.00037735849057,24.651132075471697,2.8330188679245283
2013,IL,40.30018867924528,3.5396226415094345,0.0
2013,IN,19.026792452830186,0.0,0.0
2013,KS,83.94943396226415,62.18207547169811,39.94396226415095
2013,KY,1.440754716981132,0.0,0.0
2013,LA,31.304716981132078,4.5832075471698115,0.6137735849056604
2013,MA,29.80301886792453,0.0,0.0
2013,MD,6.723962264150943,0.0,0.0
2013,ME,7.395849056603774,0.0,0.0
2013,MI,15.819245283018867,0.0,0.0
2013,MN,68.24056603773585,23.68867924528302,6.6000000000000005
2013,MO,45.00716981132076,9.140943396226415,0.0
2013,MS,21.590943396226415,1.6420754716981132,0.029433962264150945
2013,MT,34.980377358490564,9.35433962264151,2.6258490566037733
2013,NC,29.377924528301886,0.08264150943396226,0.0
2013,ND,34.17283018867925,7.972641509433963,0.013584905660377358
2013,NE,95.6945283018868,69.80509433962264,47.342830188679244
2013,NH,26.065283018867927,0.0,0.0
2013,NJ,15.324150943396225,0.0,0.0
2013,NM,99.62264150943396,76.5722641509434,43.626226415094344
2013,NV,99.86622641509433,71.54735849056604,22.15132075471698
2013,NY,16.25943396226415,0.0,0.0
2013,OH,3.8003773584905662,0.0,0.0
2013,OK,75.07981132075471,47.25207547169811,32.30981132075472
2013,OR,70.79283018867925,17.927735849056603,1.7345283018867925
2013,PA,18.401886792452828,0.0,0.0
2013,PR,10.450188679245283,0.0,0.0
2013,RI,33.17339622641509,0.0,0.0
2013,SC,37.77735849056604,7.070188679245282,1.0324528301886793
2013,SD,63.68943396226415,34.76264150943396,20.64490566037736
2013,TN,2.5592452830188677,0.0,0.0
2013,TX,91.58226415094339,51.88735849056603,21.976226415094338
2013,UT,100.0,40.84301886792453,3.619056603773585
2013,VA,12.687547169811321,0.0,0.0
2013,VT,18.57320754716981,0.0,0.0
2013,WA,12.227358490566038,0.0,0.0
2013,WI,46.18415094339623,9.057358490566038,0.0
2013,WV,10.847924528301885,0.0,0.0
2013,WY,88.8445283018868,50.06169811320755,23.706415094339622
2014,AK,4.626346153846153,0.0,0.0
2014,AL,32.987884615384615,0.5038461538461538,0.0
2014,AR,23.631923076923076,0.0,0.0
2014,AZ,98.0,52.60653846153846,6.72
2014,CA,99.83461538461538,95.44250000000001,75.37057692307692
2014,CO,48.2201923076923,14.843653846153845,4.423653846153846
2014,CT,43.29596153846153,0.0,0.0
2014,DC,0.0,0.0,0.0
2014,DE,0.5961538461538461,0.0,0.0
2014,FL,11.405192307692307,0.054230769230769235,0.0
2014,GA,22.981346153846154,1.3361538461538462,0.0
2014,HI,34.940576923076925,1.9407692307692308,0.28
2014,IA,35.62615384615385,3.8501923076923075,0.0
2014,ID,74.72596153846153,28.28115384615385,3.6686538461538456
2014,IL,12.481923076923076,0.2840384615384615,0.0
2014,IN,2.1971153846153846,0.0,0.0
2014,KS,90.75326923076923,38.62769230769231,12.171923076923077
2014,KY,11.42673076923077,0.0,0.0
2014,LA,28.628076923076925,1.1046153846153846,0.0
2014,MA,27.749423076923076,0.0,0.0
2014,MD,7.587307692307693,0.0,0.0
2014,ME,8.931153846153846,0.0,0.0
2014,MI,1.2415384615384615,0.0,0.0
2014,MN,30.619038461538462,0.0,0.0
2014,MO,38.22461538461538,0.08769230769230768,0.0
2014,MS,16.777884615384615,0.35,0.0
2014,MT,6.064230769230769,0.0,0.0
2014,NC,15.042692307692308,0.0,0.0
2014,ND,9.6075,0.0,0.0
2014,NE,50.614423076923075,12.29826923076923,2.041346153846154
2014,NH,16.382884615384615,0.0,0.0
2014,NJ,11.524230769230769,0.0,0.0
2014,NM,95.16884615384615,53.59461538461539,16.48384615384615
2014,NV,100.0,79.02115384615385,43.8675
2014,NY,9.704230769230769,0.0,0.0
2014,OH,1.4717307692307693,0.0,0.0
2014,OK,84.3726923076923,48.40865384615385,24.29576923076923
2014,OR,95.89788461538461,54.27019230769231,18.09346153846154
2014,PA,9.580576923076922,0.0,0.0
2014,PR,28.22903846153846,0.0,0.0
2014,RI,51.323653846153846,0.0,0.0
2014,SC,17.377884615384616,0.0,0.0
2014,SD,17.560961538461537,0.0,0.0
2014,TN,17.452692307692306,0.0,0.0
2014,TX,80.88057692307692,34.11692307692307,16.75923076923077
2014,UT,90.54576923076924,17.588076923076922,0.19499999999999998
2014,VA,15.251538461538463,0.0,0.0
2014,VT,6.600961538461538,0.0,0.0
2014,WA,64.64750000000001,16.151346153846156,0.0
2014,WI,13.325192307692307,0.5326923076923078,0.0
2014,WV,8.482884615384616,0.0,0.0
2014,WY,12.962499999999999,0.0,0.0
2015,AK,32.36846153846154,0.0,0.0
2015,AL,37.933461538461536,0.13634615384615384,0.0
2015,AR,29.200000000000003,4.573076923076924,1.2784615384615385
2015,AZ,91.5653846153846,17.469615384615384,0.6775000000000001
2015,CA,99.87288461538462,93.13307692307693,70.19423076923077
2015,CO,33.87019230769231,7.8640384615384615,0.0009615384615384616
2015,CT,63.7425,0.0,0.0
2015,DC,7.6923076923076925,0.0,0.0
2015,DE,3.1259615384615387,0.0,0.0
2015,FL,23.3475,1.9838461538461538,0.36903846153846154
2015,GA,28.766730769230772,0.6075,0.0
2015,HI,54.85192307692308,0.4921153846153846,0.0
2015,IA,11.429807692307692,0.0,0.0
2015,ID,86.79769230769232,33.15923076923077,11.562115384615385
2015,IL,10.425384615384615,0.0,0.0
2015,IN,21.37923076923077,0.0,0.0
2015,KS,52.19653846153846,7.803076923076923,0.8361538461538461
2015,KY,22.432692307692307,0.0019230769230769232,0.0
2015,LA,35.621153846153845,8.16,3.3215384615384616
2015,MA,46.61730769230769,0.0,0.0
2015,MD,9.445,0.0,0.0
2015,ME,26.925576923076925,0.0,0.0
2015,MI,30.47673076923077,0.0,0.0
2015,MN,46.91384615384615,2.050576923076923,0.0
2015,MO,16.604615384615386,0.0,0.0
2015,MS,30.333653846153844,5.340192307692307,1.978653846153846
2015,MT,38.70865384615385,13.397884615384616,6.223269230769231
2015,NC,29.937884615384615,0.8384615384615385,0.0
2015,ND,41.823653846153846,0.04480769230769231,0.0
2015,NE,24.620192307692307,0.0,0.0
2015,NH,38.916346153846156,0.0,0.0
2015,NJ,30.016153846153845,0.0,0.0
2015,NM,57.676538461538456,9.477884615384616,0.5692307692307692
2015,NV,99.94596153846153,74.17673076923077,42.58884615384615
2015,NY,38.04692307692308,0.0,0.0
2015,OH,13.132307692307693,0.0,0.0
2015,OK,46.05384615384616,18.44346153846154,10.02346153846154
2015,OR,95.20365384615386,74.8948076923077,45.305
2015,PA,29.537307692307692,0.0,0.0
2015,PR,49.48769230769231,15.841346153846153,5.768653846153847
2015,RI,53.92211538461538,0.0,0.0
2015,SC,29.380192307692308,4.455192307692308,0.0
2015,SD,37.92788461538461,0.8998076923076923,0.0
2015,TN,15.675192307692308,0.5090384615384616,0.0
2015,TX,35.37538461538462,12.108461538461539,5.446730769230769
2015,UT,90.20192307692308,27.36019230769231,2.1548076923076924
2015,VA,14.003076923076922,0.0,0.0
2015,VT,33.08538461538462,0.0,0.0
2015,WA,81.23192307692308,45.72596153846154,21.576923076923077
2015,WI,29.393846153846155,0.0,0.0
2015,WV,15.7075,0.0,0.0
2015,WY,30.166153846153847,0.14423076923076922,0.0
2016,AK,13.009807692307692,0.0,0.0
2016,AL,48.53365384615385,23.91346153846154,13.609807692307694
2016,AR,28.83653846153846,3.0513461538461537,0.06269230769230769
2016,AZ,87.535,3.1757692307692307,0.0
2016,CA,96.4223076923077,67.18038461538461,48.480384615384615
2016,CO,31.473653846153848,0.3501923076923077,0.0
2016,CT,83.36153846153846,24.740000000000002,5.89
2016,DC,22.881346153846152,0.0,0.0
2016,DE,8.487307692307693,0.0,0.0
2016,FL,15.02346153846154,0.9675,0.20057692307692307
2016,GA,48.472692307692306,22.549038461538462,12.914615384615386
2016,HI,55.36730769230769,10.65846153846154,1.0332692307692306
2016,IA,10.581346153846154,0.0,0.0
2016,ID,47.183269230769234,0.6588461538461539,0.0
2016,IL,9.672500000000001,0.02826923076923077,0.0
2016,IN,13.512692307692307,0.15615384615384617,0.0
2016,KS,22.29346153846154,1.1984615384615385,0.0
2016,KY,26.34423076923077,8.22096153846154,0.9473076923076924
2016,LA,30.717115384615383,5.424038461538462,0.8878846153846154
2016,MA,73.89346153846154,34.121923076923075,14.326538461538462
2016,MD,21.55673076923077,0.0,0.0
2016,ME,40.40673076923077,8.467307692307692,0.7019230769230769
2016,MI,13.045769230769231,0.00923076923076923,0.0
2016,MN,7.804423076923077,0.0225,0.0
2016,MO,23.64673076923077,0.15576923076923077,0.0
2016,MS,47.556538461538466,15.920769230769231,5.081346153846154
2016,MT,37.21884615384616,4.124038461538461,0.49980769230769234
2016,NC,24.947499999999998,3.928846153846154,1.4373076923076922
2016,ND,28.79596153846154,0.15961538461538463,0.0
2016,NE,19.918076923076924,0.12057692307692307,0.0
2016,NH,63.183846153846154,18.821346153846154,3.9834615384615386
2016,NJ,48.83153846153846,7.627307692307692,0.0013461538461538463
2016,NM,61.84365384615384,0.02692307692307692,0.0
2016,NV,79.31153846153846,26.91,9.473461538461539
2016,NY,62.06942307692308,11.791923076923078,1.6975
2016,OH,25.342499999999998,0.2938461538461538,0.0
2016,OK,36.03615384615385,4.740961538461539,0.3659615384615385
2016,OR,76.46076923076923,10.819230769230769,0.49749999999999994
2016,PA,45.76653846153847,2.0503846153846155,0.0013461538461538463
2016,PR,24.283846153846152,2.850192307692308,0.6569230769230768
2016,RI,65.22769230769231,13.047115384615383,0.0011538461538461537
2016,SC,31.79826923076923,6.3701923076923075,2.9978846153846153
2016,SD,41.388653846153844,3.665769230769231,0.675
2016,TN,50.3123076923077,15.727500000000001,5.050192307692308
2016,TX,16.96596153846154,0.8159615384615384,0.037500000000000006
2016,UT,63.28057692307693,5.276538461538461,0.0
2016,VA,22.191346153846155,0.23980769230769233,0.03538461538461539
2016,VT,62.40615384615384,3.7601923076923076,0.0
2016,WA,45.31134615384615,0.0,0.0
2016,WI,1.488076923076923,0.0,0.0
2016,WV,21.08576923076923,0.0,0.0
2016,WY,49.715192307692305,3.4640384615384616,0.5444230769230769
2017,AK,18.116346153846152,0.0,0.0
2017,AL,37.14192307692308,7.959423076923077,1.9036538461538464
2017,AR,45.31384615384616,12.082500000000001,2.5963461538461536
2017,AZ,55.072307692307696,0.869423076923077,0.0
2017,CA,30.57442307692308,4.723461538461539,1.8415384615384616
2017,CO,36.19442307692307,0.5767307692307692,0.015384615384615385
2017,CT,46.33307692307692,19.0025,6.077307692307692
2017,DC,62.70153846153846,6.1923076923076925,0.0
2017,DE,24.340384615384615,0.0,0.0
2017,FL,37.35153846153846,6.7390384615384615,1.1478846153846154
2017,GA,42.71826923076923,9.032884615384615,2.9223076923076925
2017,HI,63.25153846153846,6.915576923076923,0.47692307692307695
2017,IA,31.58653846153846,2.0028846153846156,0.4190384615384615
2017,ID,17.09846153846154,0.33057692307692305,0.0
2017,IL,34.13519230769231,0.12826923076923077,0.0
2017,IN,10.80673076923077,0.0,0.0
2017,KS,42.87192307692308,2.457307692307692,0.04384615384615384
2017,KY,4.048846153846154,0.0,0.0
2017,LA,28.457115384615385,2.746923076923077,0.13596153846153847
2017,MA,39.98057692307692,10.288653846153846,0.7413461538461538
2017,MD,32.90615384615385,0.5840384615384616,0.0
2017,ME,36.05576923076923,0.12057692307692307,0.0
2017,MI,6.678269230769231,0.0,0.0
2017,MN,12.526923076923076,0.05173076923076923,0.0
2017,MO,53.7425,3.519230769230769,0.07442307692307693
2017,MS,40.100769230769224,1.2244230769230768,0.0
2017,MT,49.8175,23.54403846153846,11.653653846153846
2017,NC,36.03576923076923,2.860576923076923,0.4561538461538462
2017,ND,58.87288461538461,16.80519230769231,7.868461538461539
2017,NE,37.43115384615385,0.36942307692307697,0.0
2017,NH,33.90038461538462,10.03076923076923,0.0
2017,NJ,28.258846153846154,3.3282692307692305,0.0
2017,NM,26.0275,0.0,0.0
2017,NV,11.814423076923077,0.14057692307692307,0.003461538461538461
2017,NY,18.473076923076924,1.2478846153846155,0.013461538461538462
2017,OH,7.433653846153846,0.0,0.0
2017,OK,52.99769230769231,13.334615384615384,0.948076923076923
2017,OR,21.732499999999998,0.0,0.0
2017,PA,19.576538461538462,0.255,0.0
2017,PR,6.041730769230769,0.0,0.0
2017,RI,37.95269230769231,0.0,0.0
2017,SC,38.77211538461538,3.7375,0.713076923076923
2017,SD,62.77230769230769,18.302884615384617,3.4873076923076924
2017,TN,22.44826923076923,1.9303846153846154,0.21346153846153845
2017,TX,26.31403846153846,1.2307692307692308,0.04211538461538462
2017,UT,38.88076923076923,0.6411538461538462,0.0
2017,VA,39.57711538461538,0.29096153846153844,0.0
2017,VT,31.649615384615384,0.6823076923076924,0.0
2017,WA,25.789423076923075,0.0,0.0
2017,WI,4.128846153846154,0.0,0.0
2017,WV,5.8575,0.0,0.0
2017,WY,17.33,0.185,0.0
2018,AK,9.158076923076923,0.5567307692307693,0.0
2018,AL,28.98326923076923,2.1550000000000002,0.05211538461538461
2018,AR,32.96057692307692,5.521538461538461,0.3557692307692308
2018,AZ,100.0,72.83461538461539,36.74019230769231
2018,CA,80.49423076923077,17.408653846153847,2.3453846153846154
2018,CO,85.09307692307692,51.28365384615385,28.559423076923075
2018,CT,7.6657692307692304,0.0,0.0
2018,DC,39.48211538461539,3.8461538461538463,0.0
2018,DE,9.78923076923077,0.0,0.0
2018,FL,22.059423076923075,2.110384615384615,0.0
2018,GA,35.35442307692308,3.352115384615385,0.0
2018,HI,23.057115384615386,0.5396153846153846,0.0
2018,IA,23.192692307692308,1.0882692307692308,0.1673076923076923
2018,ID,52.03365384615385,3.388076923076923,0.0
2018,IL,16.49557692307692,0.3882692307692308,0.0
2018,IN,4.579615384615385,0.0,0.0
2018,KS,62.66961538461539,26.04153846153846,9.239423076923076
2018,KY,1.9398076923076923,0.0,0.0
2018,LA,36.57557692307692,5.511153846153846,0.4273076923076923
2018,MA,13.27173076923077,0.0,0.0
2018,MD,21.43,0.4373076923076923,0.0
2018,ME,21.385384615384616,0.036153846153846154,0.0
2018,MI,14.847692307692306,0.20615384615384616,0.0
2018,MN,18.765384615384615,0.021923076923076927,0.0
2018,MO,58.027692307692305,11.572307692307692,3.117692307692308
2018,MS,20.6025,1.5969230769230771,0.0
2018,MT,26.15192307692308,3.298076923076923,0.2351923076923077
2018,NC,16.93826923076923,0.0,0.0
2018,ND,68.99365384615385,4.825961538461539,0.10961538461538461
2018,NE,17.615000000000002,0.019423076923076925,0.0
2018,NH,20.975576923076922,0.0,0.0
2018,NJ,5.232500000000001,0.0,0.0
2018,NM,96.06403846153846,64.59615384615384,32.29807692307692
2018,NV,87.96000000000001,3.696153846153846,0.0
2018,NY,19.292115384615386,0.27307692307692305,0.0
2018,OH,1.3875000000000002,0.0,0.0
2018,OK,57.420192307692304,29.688653846153844,15.335576923076925
2018,OR,84.37615384615385,38.98365384615384,10.828076923076923
2018,PA,4.970576923076923,0.0,0.0
2018,PR,15.17153846153846,0.0,0.0
2018,RI,11.655,0.0,0.0
2018,SC,32.37538461538462,1.6378846153846154,0.0
2018,SD,44.89557692307692,5.285961538461539,0.2276923076923077
2018,TN,9.214807692307692,0.04,0.0
2018,TX,57.598846153846154,17.745384615384616,6.481346153846153
2018,UT,99.5525,62.74692307692308,23.446346153846154
2018,VA,24.677884615384617,0.145,0.0
2018,VT,35.439038461538466,1.4059615384615385,0.0
2018,WA,49.934999999999995,2.6398076923076923,0.0
2018,WI,12.924230769230768,0.0,0.0
2018,WV,1.8201923076923079,0.0,0.0
2018,WY,25.482499999999998,1.4226923076923077,0.008269230769230768
2019,AK,15.513018867924528,1.98188679245283,0.40377358490566034
2019,AL,30.764716981132075,2.7371698113207548,0.44584905660377355
2019,AR,6.41,0.2760377358490566,0.0
2019,AZ,49.852452830188675,13.267924528301888,1.0645283018867926
2019,CA,23.36,0.8307547169811321,0.09566037735849058
2019,CO,46.28830188679245,13.992452830188679,3.3600000000000003
2019,CT,7.748679245283019,0.0,0.0
2019,DC,18.16943396226415,1.8867924528301887,0.0
2019,DE,17.826415094339623,0.2683018867924528,0.0
2019,FL,27.094528301886793,1.5350943396226415,0.08830188679245284
2019,GA,45.74132075471698,5.38377358490566,0.7637735849056605
2019,HI,60.89377358490566,4.3205660377358495,0.6386792452830189
2019,IA,6.528679245283018,0.0,0.0
2019,ID,24.147735849056602,1.3209433962264152,0.0
2019,IL,7.597358490566038,0.008490566037735849,0.0
2019,IN,13.40490566037736,0.2758490566037736,0.0
2019,KS,13.562452830188679,1.1516981132075472,0.18113207547169813
2019,KY,16.066981132075473,2.07188679245283,0.17188679245283017
2019,LA,17.01490566037736,0.6228301886792452,0.0
2019,MA,7.050754716981132,0.0,0.0
2019,MD,15.594528301886792,0.859622641509434,0.0
2019,ME,1.9449056603773585,0.0,0.0
2019,MI,7.701132075471698,0.0,0.0
2019,MN,3.5545283018867924,0.0,0.0
2019,MO,1.4550943396226417,0.0,0.0
2019,MS,10.418867924528303,0.02641509433962264,0.0
2019,MT,8.541320754716981,0.034716981132075476,0.0
2019,NC,20.252264150943397,0.5869811320754716,0.0
2019,ND,13.983584905660377,0.3239622641509434,0.0
2019,NE,1.9284905660377358,0.0,0.0
2019,NH,8.899622641509435,0.0,0.0
2019,NJ,11.1188679245283,0.0,0.0
2019,NM,50.539433962264155,12.440377358490567,3.400943396226415
2019,NV,29.980943396226415,1.2267924528301886,0.0011320754716981133
2019,NY,3.818867924528302,0.0,0.0
2019,OH,9.77245283018868,0.0,0.0
2019,OK,15.527169811320755,1.5715094339622642,0.17773584905660378
2019,OR,46.880943396226414,12.066603773584905,2.340188679245283
2019,PA,5.9784905660377365,0.0,0.0
2019,PR,51.780566037735845,2.95188679245283,0.0
2019,RI,6.599056603773585,0.0,0.0
2019,SC,45.55018867924528,4.487169811320754,0.5528301886792453
2019,SD,0.5377358490566038,0.0,0.0
2019,TN,13.817735849056604,1.138301886792453,0.08226415094339623
2019,TX,36.304339622641514,6.0066037735849065,1.1266037735849057
2019,UT,52.64018867924528,14.47943396226415,0.5720754716981132
2019,VA,17.500566037735847,0.7705660377358491,0.0
2019,VT,9.46622641509434,0.0,0.0
2019,WA,60.686603773584906,3.96188679245283,0.0
2019,WI,0.29547169811320756,0.0,0.0
2019,WV,12.57132075471698,0.7613207547169811,0.0
2019,WY,22.036037735849057,0.1971698113207547,0.0
2020,AK,8.105384615384615,0.0,0.0
2020,AL,9.600769230769231,0.2975,0.0
2020,AR,9.980576923076923,0.060000000000000005,0.0
2020,AZ,60.27634615384615,42.63038461538462,28.131346153846152
2020,CA,67.71653846153846,23.90903846153846,6.540576923076923
2020,CO,86.36634615384615,53.65826923076923,31.587692307692308
2020,CT,40.55403846153846,8.213846153846154,2.2628846153846154
2020,DC,1.7957692307692308,0.0,0.0
2020,DE,6.724615384615385,0.0,0.0
2020,FL,27.047884615384614,1.769423076923077,0.0
2020,GA,12.781538461538462,0.0,0.0
2020,HI,49.06096153846154,6.3774999999999995,0.911923076923077
2020,IA,38.0125,10.934807692307693,2.102692307692308
2020,ID,48.646153846153844,2.4632692307692308,0.25134615384615383
2020,IL,21.03923076923077,0.3203846153846154,0.0
2020,IN,31.394423076923076,0.0,0.0
2020,KS,50.380961538461534,7.905576923076922,2.146153846153846
2020,KY,3.8319230769230765,0.0,0.0
2020,LA,17.1425,0.3748076923076923,0.0
2020,MA,49.729615384615386,11.486923076923079,2.8851923076923076
2020,MD,7.223076923076923,0.0,0.0
2020,ME,48.25384615384615,12.60673076923077,0.9969230769230768
2020,MI,12.618461538461538,0.0,0.0
2020,MN,31.50653846153846,0.28384615384615386,0.0
2020,MO,17.556153846153844,0.6217307692307692,0.12192307692307693
2020,MS,12.1525,0.34461538461538466,0.0
2020,MT,43.83346153846154,2.462884615384615,0.09038461538461538
2020,NC,1.6776923076923076,0.0,0.0
2020,ND,51.16076923076923,11.693846153846154,0.6557692307692308
2020,NE,46.485,15.75576923076923,4.729038461538462
2020,NH,53.94365384615385,13.508846153846154,2.7471153846153844
2020,NJ,3.8907692307692305,0.0,0.0
2020,NM,78.41519230769231,46.15384615384615,24.53980769230769
2020,NV,79.48923076923076,37.39134615384615,20.376153846153844
2020,NY,36.144999999999996,0.9198076923076923,0.0003846153846153846
2020,OH,17.435576923076923,0.0,0.0
2020,OK,33.832884615384614,7.354423076923077,1.2640384615384617
2020,OR,91.34442307692308,40.81096153846154,14.517884615384617
2020,PA,32.2875,1.5396153846153846,0.0
2020,PR,22.459423076923073,3.712884615384615,0.0
2020,RI,48.03923076923077,22.104423076923077,10.760576923076922
2020,SC,4.703461538461538,0.0,0.0
2020,SD,47.9773076923077,3.151346153846154,0.5109615384615385
2020,TN,8.597692307692308,0.0,0.0
2020,TX,54.49173076923077,19.13673076923077,8.147307692307693
2020,UT,90.96326923076923,47.39442307692308,31.880961538461538
2020,VA,2.301153846153846,0.0,0.0
2020,VT,52.855000000000004,1.4578846153846154,0.0
2020,WA,52.606153846153845,10.23,1.1642307692307692
2020,WI,6.877307692307692,0.007884615384615386,0.0
2020,WV,5.872884615384615,0.0,0.0
2020,WY,58.17423076923077,22.6925,8.695576923076924
2021,AK,13.975384615384616,0.0,0.0
2021,AL,11.637307692307692,0.0,0.0
2021,AR,23.13711538461538,0.7636538461538461,0.0
2021,AZ,100.0,72.74942307692308,55.63192307692308
2021,CA,99.85884615384614,85.47134615384616,66.86865384615385
2021,CO,81.24480769230769,51.15346153846154,30.938653846153844
2021,CT,8.955576923076922,0.0,0.0
2021,DC,7.6923076923076925,0.0,0.0
2021,DE,7.119807692307693,0.0,0.0
2021,FL,16.676923076923078,0.0,0.0
2021,GA,11.694807692307693,0.0,0.0
2021,HI,55.71634615384615,11.001346153846153,2.6717307692307695
2021,IA,62.94307692307692,14.317307692307692,1.4775
2021,ID,89.86461538461539,49.67211538461538,23.517115384615387
2021,IL,21.96096153846154,1.6309615384615386,0.1609615384615385
2021,IN,21.584423076923073,0.0,0.0
2021,KS,40.548269230769236,5.493076923076923,2.0117307692307693
2021,KY,2.6659615384615383,0.0,0.0
2021,LA,16.850384615384616,0.8207692307692308,0.0
2021,MA,13.246346153846153,0.038461538461538464,0.0
2021,MD,10.207692307692307,0.0,0.0
2021,ME,42.42942307692307,4.177884615384615,0.0
2021,MI,48.298846153846156,2.268653846153846,0.0
2021,MN,85.27634615384615,24.698461538461537,8.810384615384615
2021,MO,14.17403846153846,0.007884615384615384,0.0
2021,MS,13.692499999999999,0.2717307692307692,0.0
2021,MT,93.22576923076923,57.91884615384616,35.41480769230769
2021,NC,35.50211538461538,3.8798076923076925,0.0
2021,ND,98.23673076923077,75.90961538461539,39.19365384615384
2021,NE,75.3625,14.629038461538462,4.453269230769231
2021,NH,48.34326923076923,0.4538461538461539,0.0
2021,NJ,4.622307692307692,0.0,0.0
2021,NM,96.78923076923077,78.36115384615384,50.089807692307694
2021,NV,100.0,93.32346153846153,69.67788461538461
2021,NY,29.45480769230769,0.0,0.0
2021,OH,14.374807692307693,0.0,0.0
2021,OK,46.38173076923077,8.339423076923076,1.3092307692307692
2021,OR,95.42538461538462,76.13730769230769,45.808846153846154
2021,PA,10.327692307692306,0.0,0.0
2021,PR,41.75769230769231,0.0,0.0
2021,RI,15.010384615384615,0.0,0.0
2021,SC,27.20365384615385,2.5936538461538463,0.0
2021,SD,93.91557692307691,39.70538461538461,9.522115384615384
2021,TN,14.225769230769231,0.0,0.0
2021,TX,53.00192307692308,16.681153846153844,8.150961538461539
2021,UT,100.0,98.75019230769232,88.7551923076923
2021,VA,28.059423076923075,0.5034615384615384,0.0
2021,VT,68.24211538461539,0.0,0.0
2021,WA,69.0326923076923,33.07346153846154,20.080000000000002
2021,WI,59.98923076923077,2.0721153846153846,0.11134615384615384
2021,WV,18.37192307692308,0.0,0.0
2021,WY,97.30461538461539,55.2498076923077,18.986346153846153
2022,AK,7.203461538461538,0.06557692307692307,0.0
2022,AL,32.86826923076923,0.87,0.0
2022,AR,58.67423076923077,22.302115384615384,3.0373076923076923
2022,AZ,99.10038461538463,37.723269230769226,8.387692307692307
2022,CA,100.0,89.03423076923076,38.69596153846154
2022,CO,93.13807692307692,38.13403846153846,7.734807692307692
2022,CT,44.55634615384615,10.0075,0.5501923076923076
2022,DC,19.531923076923075,0.0,0.0
2022,DE,23.250576923076924,0.14884615384615385,0.0
2022,FL,30.34096153846154,4.440384615384615,0.0
2022,GA,44.59173076923077,3.363076923076923,0.0
2022,HI,73.1851923076923,17.646153846153847,3.177692307692308
2022,IA,66.4925,12.441153846153846,3.1603846153846153
2022,ID,90.26249999999999,30.623269230769232,2.884807692307692
2022,IL,37.81192307692308,1.7511538461538463,0.20807692307692308
2022,IN,35.941346153846155,0.07711538461538461,0.0
2022,KS,84.485,48.64096153846154,28.326346153846153
2022,KY,33.11711538461538,6.042307692307692,0.1823076923076923
2022,LA,78.4175,23.452115384615386,7.361153846153846
2022,MA,52.80307692307693,16.888653846153844,3.394038461538462
2022,MD,23.137500000000003,0.0,0.0
2022,ME,30.78903846153846,2.2873076923076923,0.0
2022,MI,32.526538461538465,0.5601923076923077,0.0
2022,MN,46.29846153846154,6.332884615384615,1.0438461538461539
2022,MO,46.848076923076924,9.10576923076923,2.3267307692307693
2022,MS,62.71115384615385,6.785576923076923,0.3278846153846154
2022,MT,82.5676923076923,50.71884615384616,23.53192307692308
2022,NC,52.06173076923077,3.4517307692307693,0.0
2022,ND,56.01,14.130961538461538,2.0078846153846155
2022,NE,96.0123076923077,54.02288461538462,20.067307692307693
2022,NH,45.12576923076923,3.523076923076923,0.11173076923076924
2022,NJ,45.740192307692304,2.3634615384615385,0.0
2022,NM,98.31903846153847,65.75692307692307,33.652692307692305
2022,NV,100.0,94.65961538461539,43.43711538461538
2022,NY,18.965769230769233,0.8551923076923077,0.0
2022,OH,18.53519230769231,0.044230769230769226,0.0
2022,OK,87.83730769230769,69.93942307692308,44.19230769230769
2022,OR,88.58057692307692,60.309230769230766,37.954807692307696
2022,PA,17.605,0.0,0.0
2022,PR,43.448653846153846,1.793076923076923,0.0
2022,RI,44.7175,14.65673076923077,6.461153846153847
2022,SC,44.76673076923077,1.3582692307692308,0.0
2022,SD,80.12576923076924,21.183461538461536,3.6576923076923076
2022,TN,34.190576923076925,3.2848076923076923,0.06519230769230769
2022,TX,90.56307692307692,57.59423076923077,31.92557692307692
2022,UT,100.0,96.28153846153847,52.33
2022,VA,32.393846153846155,0.08769230769230771,0.0
2022,VT,44.902884615384615,0.1501923076923077,0.0
2022,WA,60.17807692307693,11.87173076923077,2.2571153846153846
2022,WI,47.74211538461539,2.6423076923076922,0.0
2022,WV,10.544807692307693,0.0,0.0
2022,WY,91.6875,39.6476923076923,7.8161538461538465
2023,AK,0.23692307692307693,0.0,0.0
2023,AL,16.231153846153845,0.035,0.0
2023,AR,13.383461538461539,0.0,0.0
2023,AZ,32.10192307692308,0.6796153846153845,0.0
2023,CA,58.28307692307692,14.872692307692308,1.0546153846153847
2023,CO,45.29346153846154,8.259615384615385,1.7976923076923077
2023,CT,30.87,0.0,0.0
2023,DC,57.69230769230769,0.45615384615384613,0.0
2023,DE,28.558461538461536,0.0,0.0
2023,FL,59.81346153846154,16.143076923076926,1.9130769230769231
2023,GA,19.52653846153846,0.4211538461538461,0.0
2023,HI,33.317692307692305,0.765,0.00923076923076923
2023,IA,76.34884615384615,18.572692307692307,3.516923076923077
2023,ID,78.34153846153846,6.267692307692308,0.0
2023,IL,35.583461538461535,4.049615384615384,0.04230769230769231
2023,IN,34.49,1.96,0.0
2023,KS,91.10076923076923,67.72192307692308,54.051923076923075
2023,KY,14.416538461538462,0.0,0.0
2023,LA,27.745,0.0,0.0
2023,MA,17.549230769230768,0.0,0.0
2023,MD,43.159230769230774,1.8057692307692308,0.0
2023,ME,9.460384615384616,0.0,0.0
2023,MI,29.432307692307692,3.4480769230769233,0.0
2023,MN,56.974999999999994,2.588461538461538,0.0
2023,MO,43.99423076923077,9.256153846153847,2.375384615384615
2023,MS,11.667692307692308,0.0,0.0
2023,MT,73.73230769230769,15.190384615384614,2.863846153846154
2023,NC,23.73076923076923,0.0,0.0
2023,ND,72.49423076923077,2.960769230769231,0.0
2023,NE,99.18884615384614,75.12576923076924,34.82807692307692
2023,NH,4.996153846153846,0.0,0.0
2023,NJ,29.33230769230769,0.0,0.0
2023,NM,64.325,15.799230769230771,3.2719230769230765
2023,NV,78.59307692307692,28.24692307692308,5.339230769230769
2023,NY,18.32923076923077,0.0,0.0
2023,OH,21.10230769230769,0.0003846153846153846,0.0
2023,OK,73.42153846153846,52.92961538461539,35.88807692307692
2023,OR,84.14230769230768,27.169999999999998,9.016923076923076
2023,PA,25.407307692307693,0.10769230769230768,0.0
2023,PR,34.059230769230766,0.11,0.0
2023,RI,21.588846153846156,0.0,0.0
2023,SC,15.154615384615385,0.0,0.0
2023,SD,89.2223076923077,7.985,0.7938461538461539
2023,TN,11.874615384615385,0.0,0.0
2023,TX,72.26884615384616,29.283846153846152,10.557307692307692
2023,UT,80.59846153846154,29.58230769230769,5.005384615384615
2023,VA,31.99576923076923,0.03192307692307692,0.0
2023,VT,15.473461538461539,0.0,0.0
2023,WA,47.24692307692308,0.0,0.0
2023,WI,19.89769230769231,1.0173076923076925,0.0
2023,WV,23.161923076923078,0.0,0.0
2023,WY,57.16307692307692,10.620000000000001,1.6311538461538464
